trace,C1,B,S1,C2,S2,prefetch,r,L1_AAT,L1_HR,L1_MR,L2_AAT,L2_RHR,L2_RMR,PF_issued,PF_hits,PF_misses,L1_misses,L2_rhits,L2_rmisses,WB_L1
gcc,14,6,1,16,3,markov,4,3.080,0.970,0.030,29.074,0.767,0.233,0,0,0,15127,11596,3531,6685
gcc,14,6,1,16,3,markov,16,3.080,0.970,0.030,29.079,0.767,0.233,4,1,3,15127,11595,3532,6685
gcc,14,6,1,16,3,markov,32,3.078,0.970,0.030,29.026,0.767,0.233,10,6,4,15127,11605,3522,6685
gcc,14,6,1,16,3,markov,64,3.073,0.970,0.030,28.852,0.769,0.231,37,19,17,15127,11638,3489,6685
gcc,14,6,1,16,3,markov,128,3.067,0.970,0.030,28.661,0.772,0.228,81,44,36,15127,11674,3453,6685
gcc,14,6,1,16,3,markov,256,3.051,0.970,0.030,28.127,0.778,0.222,184,129,52,15127,11775,3352,6685
gcc,14,6,1,16,3,markov,512,3.048,0.970,0.030,28.016,0.780,0.220,218,147,66,15127,11796,3331,6685
gcc,14,6,1,16,4,markov,4,3.079,0.970,0.030,29.065,0.777,0.223,0,0,0,15127,11749,3378,6685
gcc,14,6,1,16,4,markov,16,3.079,0.970,0.030,29.070,0.777,0.223,4,0,4,15127,11748,3379,6685
gcc,14,6,1,16,4,markov,32,3.079,0.970,0.030,29.049,0.777,0.223,13,5,8,15127,11752,3375,6685
gcc,14,6,1,16,4,markov,64,3.073,0.970,0.030,28.858,0.779,0.221,31,15,15,15127,11788,3339,6685
gcc,14,6,1,16,4,markov,128,3.065,0.970,0.030,28.583,0.783,0.217,83,44,38,15127,11840,3287,6685
gcc,14,6,1,16,4,markov,256,3.049,0.970,0.030,28.065,0.789,0.211,205,135,62,15127,11938,3189,6685
gcc,14,6,1,16,4,markov,512,3.046,0.970,0.030,27.970,0.790,0.210,261,168,84,15127,11956,3171,6685
gcc,14,6,1,17,3,markov,4,2.881,0.970,0.030,22.500,0.849,0.151,0,0,0,15127,12839,2288,6685
gcc,14,6,1,17,3,markov,16,2.881,0.970,0.030,22.500,0.849,0.151,2,1,1,15127,12839,2288,6685
gcc,14,6,1,17,3,markov,32,2.881,0.970,0.030,22.500,0.849,0.151,0,0,0,15127,12839,2288,6685
gcc,14,6,1,17,3,markov,64,2.880,0.970,0.030,22.484,0.849,0.151,1,1,0,15127,12842,2285,6685
gcc,14,6,1,17,3,markov,128,2.880,0.970,0.030,22.479,0.849,0.151,3,2,0,15127,12843,2284,6685
gcc,14,6,1,17,3,markov,256,2.880,0.970,0.030,22.474,0.849,0.151,5,3,1,15127,12844,2283,6685
gcc,14,6,1,17,3,markov,512,2.880,0.970,0.030,22.474,0.849,0.151,7,4,2,15127,12844,2283,6685
gcc,14,6,1,17,4,markov,4,2.891,0.970,0.030,22.830,0.855,0.145,0,0,0,15127,12928,2199,6685
gcc,14,6,1,17,4,markov,16,2.891,0.970,0.030,22.835,0.855,0.145,1,0,1,15127,12927,2200,6685
gcc,14,6,1,17,4,markov,32,2.891,0.970,0.030,22.835,0.855,0.145,1,0,1,15127,12927,2200,6685
gcc,14,6,1,17,4,markov,64,2.890,0.970,0.030,22.819,0.855,0.145,2,1,1,15127,12930,2197,6685
gcc,14,6,1,17,4,markov,128,2.890,0.970,0.030,22.819,0.855,0.145,3,1,2,15127,12930,2197,6685
gcc,14,6,1,17,4,markov,256,2.890,0.970,0.030,22.819,0.855,0.145,3,1,2,15127,12930,2197,6685
gcc,14,6,1,17,4,markov,512,2.890,0.970,0.030,22.819,0.855,0.145,5,1,4,15127,12930,2197,6685
gcc,14,6,2,16,3,markov,4,3.204,0.977,0.023,35.197,0.690,0.310,0,0,0,11427,7885,3542,5301
gcc,14,6,2,16,3,markov,16,3.204,0.977,0.023,35.197,0.690,0.310,1,0,1,11427,7885,3542,5301
gcc,14,6,2,16,3,markov,32,3.200,0.977,0.023,35.008,0.692,0.308,12,8,4,11427,7912,3515,5301
gcc,14,6,2,16,3,markov,64,3.194,0.977,0.023,34.721,0.696,0.304,23,13,10,11427,7953,3474,5301
gcc,14,6,2,16,3,markov,128,3.185,0.977,0.023,34.350,0.701,0.299,70,37,33,11427,8006,3421,5301
gcc,14,6,2,16,3,markov,256,3.171,0.977,0.023,33.720,0.708,0.292,207,130,73,11427,8096,3331,5301
gcc,14,6,2,16,3,markov,512,3.167,0.977,0.023,33.559,0.711,0.289,242,149,89,11427,8119,3308,5301
gcc,14,6,2,16,4,markov,4,3.205,0.977,0.023,35.234,0.700,0.300,0,0,0,11427,7994,3433,5301
gcc,14,6,2,16,4,markov,16,3.205,0.977,0.023,35.213,0.700,0.300,5,2,3,11427,7997,3430,5301
gcc,14,6,2,16,4,markov,32,3.200,0.977,0.023,35.017,0.702,0.298,17,14,3,11427,8025,3402,5301
gcc,14,6,2,16,4,markov,64,3.197,0.977,0.023,34.863,0.704,0.296,46,25,20,11427,8047,3380,5301
gcc,14,6,2,16,4,markov,128,3.188,0.977,0.023,34.471,0.709,0.291,101,51,49,11427,8103,3324,5301
gcc,14,6,2,16,4,markov,256,3.170,0.977,0.023,33.680,0.719,0.281,268,176,81,11427,8216,3211,5301
gcc,14,6,2,16,4,markov,512,3.167,0.977,0.023,33.561,0.720,0.280,312,198,102,11427,8233,3194,5301
gcc,14,6,2,17,3,markov,4,3.005,0.977,0.023,26.453,0.799,0.201,0,0,0,11427,9134,2293,5301
gcc,14,6,2,17,3,markov,16,3.005,0.977,0.023,26.453,0.799,0.201,0,0,0,11427,9134,2293,5301
gcc,14,6,2,17,3,markov,32,3.004,0.977,0.023,26.446,0.799,0.201,1,1,0,11427,9135,2292,5301
gcc,14,6,2,17,3,markov,64,3.004,0.977,0.023,26.418,0.800,0.200,2,2,0,11427,9139,2288,5301
gcc,14,6,2,17,3,markov,128,3.003,0.977,0.023,26.397,0.800,0.200,5,4,0,11427,9142,2285,5301
gcc,14,6,2,17,3,markov,256,3.003,0.977,0.023,26.390,0.800,0.200,8,6,1,11427,9143,2284,5301
gcc,14,6,2,17,3,markov,512,3.003,0.977,0.023,26.383,0.800,0.200,9,7,1,11427,9144,2283,5301
gcc,14,6,2,17,4,markov,4,3.009,0.977,0.023,26.665,0.807,0.193,0,0,0,11427,9218,2209,5301
gcc,14,6,2,17,4,markov,16,3.010,0.977,0.023,26.672,0.807,0.193,1,0,1,11427,9217,2210,5301
gcc,14,6,2,17,4,markov,32,3.010,0.977,0.023,26.672,0.807,0.193,1,0,1,11427,9217,2210,5301
gcc,14,6,2,17,4,markov,64,3.009,0.977,0.023,26.651,0.807,0.193,2,1,1,11427,9220,2207,5301
gcc,14,6,2,17,4,markov,128,3.009,0.977,0.023,26.637,0.807,0.193,4,2,2,11427,9222,2205,5301
gcc,14,6,2,17,4,markov,256,3.009,0.977,0.023,26.630,0.807,0.193,5,3,2,11427,9223,2204,5301
gcc,14,6,2,17,4,markov,512,3.009,0.977,0.023,26.630,0.807,0.193,5,3,2,11427,9223,2204,5301
gcc,14,6,3,16,3,markov,4,3.390,0.978,0.022,36.035,0.680,0.320,0,0,0,10963,7450,3513,5151
gcc,14,6,3,16,3,markov,16,3.390,0.978,0.022,36.028,0.680,0.320,3,1,2,10963,7451,3512,5151
gcc,14,6,3,16,3,markov,32,3.388,0.978,0.022,35.948,0.681,0.319,7,6,1,10963,7462,3501,5151
gcc,14,6,3,16,3,markov,64,3.385,0.978,0.022,35.787,0.683,0.317,23,13,10,10963,7484,3479,5151
gcc,14,6,3,16,3,markov,128,3.376,0.978,0.022,35.408,0.687,0.313,70,36,32,10963,7536,3427,5151
gcc,14,6,3,16,3,markov,256,3.362,0.978,0.022,34.766,0.695,0.305,207,135,65,10963,7624,3339,5151
gcc,14,6,3,16,3,markov,512,3.358,0.978,0.022,34.569,0.698,0.302,240,155,77,10963,7651,3312,5151
gcc,14,6,3,16,4,markov,4,3.397,0.978,0.022,36.368,0.685,0.315,0,0,0,10963,7514,3449,5151
gcc,14,6,3,16,4,markov,16,3.396,0.978,0.022,36.325,0.686,0.314,2,1,1,10963,7520,3443,5151
gcc,14,6,3,16,4,markov,32,3.393,0.978,0.022,36.157,0.688,0.312,15,10,5,10963,7543,3420,5151
gcc,14,6,3,16,4,markov,64,3.389,0.978,0.022,35.982,0.690,0.310,36,18,14,10963,7567,3396,5151
gcc,14,6,3,16,4,markov,128,3.383,0.978,0.022,35.690,0.694,0.306,104,47,53,10963,7607,3356,5151
gcc,14,6,3,16,4,markov,256,3.359,0.978,0.022,34.617,0.707,0.293,240,166,69,10963,7754,3209,5151
gcc,14,6,3,16,4,markov,512,3.355,0.978,0.022,34.435,0.710,0.290,291,192,93,10963,7779,3184,5151
gcc,14,6,3,17,3,markov,4,3.194,0.978,0.022,27.074,0.792,0.208,0,0,0,10963,8678,2285,5151
gcc,14,6,3,17,3,markov,16,3.194,0.978,0.022,27.074,0.792,0.208,0,0,0,10963,8678,2285,5151
gcc,14,6,3,17,3,markov,32,3.193,0.978,0.022,27.067,0.792,0.208,1,1,0,10963,8679,2284,5151
gcc,14,6,3,17,3,markov,64,3.193,0.978,0.022,27.060,0.792,0.208,2,2,0,10963,8680,2283,5151
gcc,14,6,3,17,3,markov,128,3.193,0.978,0.022,27.045,0.792,0.208,4,4,0,10963,8682,2281,5151
gcc,14,6,3,17,3,markov,256,3.193,0.978,0.022,27.030,0.792,0.208,6,5,1,10963,8684,2279,5151
gcc,14,6,3,17,3,markov,512,3.193,0.978,0.022,27.023,0.792,0.208,7,6,1,10963,8685,2278,5151
gcc,14,6,3,17,4,markov,4,3.200,0.978,0.022,27.378,0.798,0.202,0,0,0,10963,8746,2217,5151
gcc,14,6,3,17,4,markov,16,3.200,0.978,0.022,27.385,0.798,0.202,1,0,1,10963,8745,2218,5151
gcc,14,6,3,17,4,markov,32,3.200,0.978,0.022,27.385,0.798,0.202,1,0,1,10963,8745,2218,5151
gcc,14,6,3,17,4,markov,64,3.200,0.978,0.022,27.356,0.798,0.202,3,2,1,10963,8749,2214,5151
gcc,14,6,3,17,4,markov,128,3.199,0.978,0.022,27.342,0.798,0.202,5,3,2,10963,8751,2212,5151
gcc,14,6,3,17,4,markov,256,3.199,0.978,0.022,27.342,0.798,0.202,5,3,2,10963,8751,2212,5151
gcc,14,6,3,17,4,markov,512,3.199,0.978,0.022,27.342,0.798,0.202,5,3,2,10963,8751,2212,5151
gcc,15,6,1,16,3,markov,4,2.862,0.985,0.015,44.056,0.579,0.421,0,0,0,7509,4350,3159,3366
gcc,15,6,1,16,3,markov,16,2.861,0.985,0.015,44.045,0.579,0.421,2,1,1,7509,4351,3158,3366
gcc,15,6,1,16,3,markov,32,2.861,0.985,0.015,44.045,0.579,0.421,2,1,1,7509,4351,3158,3366
gcc,15,6,1,16,3,markov,64,2.859,0.985,0.015,43.885,0.581,0.419,8,6,2,7509,4366,3143,3366
gcc,15,6,1,16,3,markov,128,2.859,0.985,0.015,43.906,0.581,0.419,38,20,16,7509,4364,3145,3366
gcc,15,6,1,16,3,markov,256,2.852,0.985,0.015,43.395,0.588,0.412,107,56,48,7509,4412,3097,3366
gcc,15,6,1,16,3,markov,512,2.840,0.985,0.015,42.639,0.597,0.403,154,79,68,7509,4483,3026,3366
gcc,15,6,1,16,4,markov,4,2.836,0.985,0.015,42.341,0.611,0.389,0,0,0,7509,4586,2923,3366
gcc,15,6,1,16,4,markov,16,2.836,0.985,0.015,42.341,0.611,0.389,0,0,0,7509,4586,2923,3366
gcc,15,6,1,16,4,markov,32,2.835,0.985,0.015,42.288,0.611,0.389,5,4,1,7509,4591,2918,3366
gcc,15,6,1,16,4,markov,64,2.833,0.985,0.015,42.128,0.613,0.387,11,7,3,7509,4606,2903,3366
gcc,15,6,1,16,4,markov,128,2.830,0.985,0.015,41.947,0.616,0.384,38,25,11,7509,4623,2886,3366
gcc,15,6,1,16,4,markov,256,2.822,0.985,0.015,41.393,0.623,0.377,96,56,36,7509,4675,2834,3366
gcc,15,6,1,16,4,markov,512,2.817,0.985,0.015,41.105,0.626,0.374,146,74,69,7509,4702,2807,3366
gcc,15,6,1,17,3,markov,4,2.724,0.985,0.015,34.872,0.694,0.306,0,0,0,7509,5212,2297,3366
gcc,15,6,1,17,3,markov,16,2.724,0.985,0.015,34.861,0.694,0.306,1,1,0,7509,5213,2296,3366
gcc,15,6,1,17,3,markov,32,2.723,0.985,0.015,34.829,0.695,0.305,2,2,0,7509,5216,2293,3366
gcc,15,6,1,17,3,markov,64,2.722,0.985,0.015,34.787,0.695,0.305,3,3,0,7509,5220,2289,3366
gcc,15,6,1,17,3,markov,128,2.722,0.985,0.015,34.776,0.695,0.305,4,4,0,7509,5221,2288,3366
gcc,15,6,1,17,3,markov,256,2.722,0.985,0.015,34.733,0.696,0.304,11,8,3,7509,5225,2284,3366
gcc,15,6,1,17,3,markov,512,2.722,0.985,0.015,34.733,0.696,0.304,14,8,6,7509,5225,2284,3366
gcc,15,6,1,17,4,markov,4,2.720,0.985,0.015,34.639,0.707,0.293,0,0,0,7509,5309,2200,3366
gcc,15,6,1,17,4,markov,16,2.720,0.985,0.015,34.628,0.707,0.293,1,1,0,7509,5310,2199,3366
gcc,15,6,1,17,4,markov,32,2.720,0.985,0.015,34.628,0.707,0.293,1,1,0,7509,5310,2199,3366
gcc,15,6,1,17,4,markov,64,2.719,0.985,0.015,34.575,0.708,0.292,2,2,0,7509,5315,2194,3366
gcc,15,6,1,17,4,markov,128,2.719,0.985,0.015,34.575,0.708,0.292,2,2,0,7509,5315,2194,3366
gcc,15,6,1,17,4,markov,256,2.719,0.985,0.015,34.575,0.708,0.292,2,2,0,7509,5315,2194,3366
gcc,15,6,1,17,4,markov,512,2.719,0.985,0.015,34.575,0.708,0.292,3,2,1,7509,5315,2194,3366
gcc,15,6,2,16,3,markov,4,3.035,0.988,0.012,51.783,0.483,0.517,0,0,0,6130,2959,3171,2776
gcc,15,6,2,16,3,markov,16,3.034,0.988,0.012,51.705,0.484,0.516,3,2,0,6130,2965,3165,2776
gcc,15,6,2,16,3,markov,32,3.034,0.988,0.012,51.744,0.483,0.517,4,3,0,6130,2962,3168,2776
gcc,15,6,2,16,3,markov,64,3.033,0.988,0.012,51.627,0.485,0.515,10,5,4,6130,2971,3159,2776
gcc,15,6,2,16,3,markov,128,3.030,0.988,0.012,51.392,0.488,0.512,41,23,16,6130,2989,3141,2776
gcc,15,6,2,16,3,markov,256,3.023,0.988,0.012,50.805,0.495,0.505,123,67,48,6130,3034,3096,2776
gcc,15,6,2,16,3,markov,512,3.013,0.988,0.012,49.995,0.505,0.495,212,102,98,6130,3096,3034,2776
gcc,15,6,2,16,4,markov,4,3.001,0.988,0.012,49.047,0.527,0.473,0,0,0,6130,3230,2900,2776
gcc,15,6,2,16,4,markov,16,3.001,0.988,0.012,49.008,0.527,0.473,2,1,1,6130,3233,2897,2776
gcc,15,6,2,16,4,markov,32,3.001,0.988,0.012,49.008,0.527,0.473,3,1,2,6130,3233,2897,2776
gcc,15,6,2,16,4,markov,64,3.001,0.988,0.012,48.994,0.528,0.472,6,2,4,6130,3234,2896,2776
gcc,15,6,2,16,4,markov,128,2.998,0.988,0.012,48.799,0.530,0.470,33,17,15,6130,3249,2881,2776
gcc,15,6,2,16,4,markov,256,2.994,0.988,0.012,48.459,0.534,0.466,108,57,48,6130,3275,2855,2776
gcc,15,6,2,16,4,markov,512,2.989,0.988,0.012,48.081,0.539,0.461,183,87,90,6130,3304,2826,2776
gcc,15,6,2,17,3,markov,4,2.892,0.988,0.012,40.090,0.629,0.371,0,0,0,6130,3855,2275,2776
gcc,15,6,2,17,3,markov,16,2.892,0.988,0.012,40.090,0.629,0.371,0,0,0,6130,3855,2275,2776
gcc,15,6,2,17,3,markov,32,2.892,0.988,0.012,40.090,0.629,0.371,0,0,0,6130,3855,2275,2776
gcc,15,6,2,17,3,markov,64,2.892,0.988,0.012,40.090,0.629,0.371,0,0,0,6130,3855,2275,2776
gcc,15,6,2,17,3,markov,128,2.891,0.988,0.012,40.077,0.629,0.371,1,1,0,6130,3856,2274,2776
gcc,15,6,2,17,3,markov,256,2.891,0.988,0.012,40.064,0.629,0.371,4,2,2,6130,3857,2273,2776
gcc,15,6,2,17,3,markov,512,2.891,0.988,0.012,40.038,0.630,0.370,10,4,6,6130,3859,2271,2776
gcc,15,6,2,17,4,markov,4,2.889,0.988,0.012,39.872,0.642,0.358,0,0,0,6130,3933,2197,2776
gcc,15,6,2,17,4,markov,16,2.889,0.988,0.012,39.885,0.641,0.359,1,0,1,6130,3932,2198,2776
gcc,15,6,2,17,4,markov,32,2.889,0.988,0.012,39.885,0.641,0.359,1,0,1,6130,3932,2198,2776
gcc,15,6,2,17,4,markov,64,2.888,0.988,0.012,39.820,0.642,0.358,3,2,1,6130,3937,2193,2776
gcc,15,6,2,17,4,markov,128,2.888,0.988,0.012,39.820,0.642,0.358,4,2,2,6130,3937,2193,2776
gcc,15,6,2,17,4,markov,256,2.888,0.988,0.012,39.820,0.642,0.358,4,2,2,6130,3937,2193,2776
gcc,15,6,2,17,4,markov,512,2.888,0.988,0.012,39.820,0.642,0.358,5,2,3,6130,3937,2193,2776
gcc,15,6,3,16,3,markov,4,3.190,0.989,0.011,54.691,0.446,0.554,0,0,0,5397,2409,2988,2574
gcc,15,6,3,16,3,markov,16,3.190,0.989,0.011,54.691,0.446,0.554,0,0,0,5397,2409,2988,2574
gcc,15,6,3,16,3,markov,32,3.190,0.989,0.011,54.691,0.446,0.554,0,0,0,5397,2409,2988,2574
gcc,15,6,3,16,3,markov,64,3.190,0.989,0.011,54.691,0.446,0.554,0,0,0,5397,2409,2988,2574
gcc,15,6,3,16,3,markov,128,3.191,0.989,0.011,54.736,0.446,0.554,11,5,6,5397,2406,2991,2574
gcc,15,6,3,16,3,markov,256,3.183,0.989,0.011,53.995,0.455,0.545,90,38,50,5397,2456,2941,2574
gcc,15,6,3,16,3,markov,512,3.176,0.989,0.011,53.328,0.463,0.537,175,95,74,5397,2501,2896,2574
gcc,15,6,3,16,4,markov,4,3.176,0.989,0.011,53.342,0.473,0.527,0,0,0,5397,2554,2843,2574
gcc,15,6,3,16,4,markov,16,3.176,0.989,0.011,53.342,0.473,0.527,1,0,1,5397,2554,2843,2574
gcc,15,6,3,16,4,markov,32,3.176,0.989,0.011,53.342,0.473,0.527,1,0,1,5397,2554,2843,2574
gcc,15,6,3,16,4,markov,64,3.175,0.989,0.011,53.297,0.474,0.526,3,1,2,5397,2557,2840,2574
gcc,15,6,3,16,4,markov,128,3.175,0.989,0.011,53.297,0.474,0.526,25,7,17,5397,2557,2840,2574
gcc,15,6,3,16,4,markov,256,3.170,0.989,0.011,52.808,0.480,0.520,97,42,52,5397,2590,2807,2574
gcc,15,6,3,16,4,markov,512,3.163,0.989,0.011,52.201,0.487,0.513,193,94,95,5397,2631,2766,2574
gcc,15,6,3,17,3,markov,4,3.075,0.989,0.011,44.034,0.580,0.420,0,0,0,5397,3128,2269,2574
gcc,15,6,3,17,3,markov,16,3.075,0.989,0.011,44.034,0.580,0.420,0,0,0,5397,3128,2269,2574
gcc,15,6,3,17,3,markov,32,3.075,0.989,0.011,44.034,0.580,0.420,0,0,0,5397,3128,2269,2574
gcc,15,6,3,17,3,markov,64,3.075,0.989,0.011,44.019,0.580,0.420,1,1,0,5397,3129,2268,2574
gcc,15,6,3,17,3,markov,128,3.075,0.989,0.011,44.019,0.580,0.420,1,1,0,5397,3129,2268,2574
gcc,15,6,3,17,3,markov,256,3.075,0.989,0.011,43.989,0.580,0.420,5,3,2,5397,3131,2266,2574
gcc,15,6,3,17,3,markov,512,3.075,0.989,0.011,43.974,0.580,0.420,10,6,4,5397,3132,2265,2574
gcc,15,6,3,17,4,markov,4,3.071,0.989,0.011,43.648,0.594,0.406,0,0,0,5397,3208,2189,2574
gcc,15,6,3,17,4,markov,16,3.071,0.989,0.011,43.648,0.594,0.406,0,0,0,5397,3208,2189,2574
gcc,15,6,3,17,4,markov,32,3.071,0.989,0.011,43.648,0.594,0.406,0,0,0,5397,3208,2189,2574
gcc,15,6,3,17,4,markov,64,3.071,0.989,0.011,43.648,0.594,0.406,0,0,0,5397,3208,2189,2574
gcc,15,6,3,17,4,markov,128,3.071,0.989,0.011,43.648,0.594,0.406,1,0,1,5397,3208,2189,2574
gcc,15,6,3,17,4,markov,256,3.071,0.989,0.011,43.633,0.595,0.405,2,1,1,5397,3209,2188,2574
gcc,15,6,3,17,4,markov,512,3.071,0.989,0.011,43.633,0.595,0.405,4,1,3,5397,3209,2188,2574
leela,14,6,1,16,3,markov,4,2.368,0.992,0.008,22.355,0.851,0.149,0,0,0,3754,3193,561,386
leela,14,6,1,16,3,markov,16,2.368,0.992,0.008,22.355,0.851,0.149,0,0,0,3754,3193,561,386
leela,14,6,1,16,3,markov,32,2.368,0.992,0.008,22.355,0.851,0.149,0,0,0,3754,3193,561,386
leela,14,6,1,16,3,markov,64,2.368,0.992,0.008,22.355,0.851,0.149,0,0,0,3754,3193,561,386
leela,14,6,1,16,3,markov,128,2.368,0.992,0.008,22.355,0.851,0.149,0,0,0,3754,3193,561,386
leela,14,6,1,16,3,markov,256,2.368,0.992,0.008,22.355,0.851,0.149,0,0,0,3754,3193,561,386
leela,14,6,1,16,3,markov,512,2.368,0.992,0.008,22.355,0.851,0.149,0,0,0,3754,3193,561,386
leela,14,6,1,16,4,markov,4,2.374,0.992,0.008,23.155,0.851,0.149,0,0,0,3754,3193,561,386
leela,14,6,1,16,4,markov,16,2.374,0.992,0.008,23.155,0.851,0.149,0,0,0,3754,3193,561,386
leela,14,6,1,16,4,markov,32,2.374,0.992,0.008,23.155,0.851,0.149,0,0,0,3754,3193,561,386
leela,14,6,1,16,4,markov,64,2.374,0.992,0.008,23.155,0.851,0.149,0,0,0,3754,3193,561,386
leela,14,6,1,16,4,markov,128,2.374,0.992,0.008,23.155,0.851,0.149,0,0,0,3754,3193,561,386
leela,14,6,1,16,4,markov,256,2.374,0.992,0.008,23.155,0.851,0.149,0,0,0,3754,3193,561,386
leela,14,6,1,16,4,markov,512,2.374,0.992,0.008,23.155,0.851,0.149,0,0,0,3754,3193,561,386
leela,14,6,1,17,3,markov,4,2.368,0.992,0.008,22.355,0.851,0.149,0,0,0,3754,3193,561,386
leela,14,6,1,17,3,markov,16,2.368,0.992,0.008,22.355,0.851,0.149,0,0,0,3754,3193,561,386
leela,14,6,1,17,3,markov,32,2.368,0.992,0.008,22.355,0.851,0.149,0,0,0,3754,3193,561,386
leela,14,6,1,17,3,markov,64,2.368,0.992,0.008,22.355,0.851,0.149,0,0,0,3754,3193,561,386
leela,14,6,1,17,3,markov,128,2.368,0.992,0.008,22.355,0.851,0.149,0,0,0,3754,3193,561,386
leela,14,6,1,17,3,markov,256,2.368,0.992,0.008,22.355,0.851,0.149,0,0,0,3754,3193,561,386
leela,14,6,1,17,3,markov,512,2.368,0.992,0.008,22.355,0.851,0.149,0,0,0,3754,3193,561,386
leela,14,6,1,17,4,markov,4,2.374,0.992,0.008,23.155,0.851,0.149,0,0,0,3754,3193,561,386
leela,14,6,1,17,4,markov,16,2.374,0.992,0.008,23.155,0.851,0.149,0,0,0,3754,3193,561,386
leela,14,6,1,17,4,markov,32,2.374,0.992,0.008,23.155,0.851,0.149,0,0,0,3754,3193,561,386
leela,14,6,1,17,4,markov,64,2.374,0.992,0.008,23.155,0.851,0.149,0,0,0,3754,3193,561,386
leela,14,6,1,17,4,markov,128,2.374,0.992,0.008,23.155,0.851,0.149,0,0,0,3754,3193,561,386
leela,14,6,1,17,4,markov,256,2.374,0.992,0.008,23.155,0.851,0.149,0,0,0,3754,3193,561,386
leela,14,6,1,17,4,markov,512,2.374,0.992,0.008,23.155,0.851,0.149,0,0,0,3754,3193,561,386
leela,14,6,2,16,3,markov,4,2.539,0.995,0.005,29.297,0.764,0.236,0,0,0,2375,1814,561,42
leela,14,6,2,16,3,markov,16,2.539,0.995,0.005,29.297,0.764,0.236,0,0,0,2375,1814,561,42
leela,14,6,2,16,3,markov,32,2.539,0.995,0.005,29.297,0.764,0.236,0,0,0,2375,1814,561,42
leela,14,6,2,16,3,markov,64,2.539,0.995,0.005,29.297,0.764,0.236,0,0,0,2375,1814,561,42
leela,14,6,2,16,3,markov,128,2.539,0.995,0.005,29.297,0.764,0.236,0,0,0,2375,1814,561,42
leela,14,6,2,16,3,markov,256,2.539,0.995,0.005,29.297,0.764,0.236,0,0,0,2375,1814,561,42
leela,14,6,2,16,3,markov,512,2.539,0.995,0.005,29.297,0.764,0.236,0,0,0,2375,1814,561,42
leela,14,6,2,16,4,markov,4,2.543,0.995,0.005,30.097,0.764,0.236,0,0,0,2375,1814,561,42
leela,14,6,2,16,4,markov,16,2.543,0.995,0.005,30.097,0.764,0.236,0,0,0,2375,1814,561,42
leela,14,6,2,16,4,markov,32,2.543,0.995,0.005,30.097,0.764,0.236,0,0,0,2375,1814,561,42
leela,14,6,2,16,4,markov,64,2.543,0.995,0.005,30.097,0.764,0.236,0,0,0,2375,1814,561,42
leela,14,6,2,16,4,markov,128,2.543,0.995,0.005,30.097,0.764,0.236,0,0,0,2375,1814,561,42
leela,14,6,2,16,4,markov,256,2.543,0.995,0.005,30.097,0.764,0.236,0,0,0,2375,1814,561,42
leela,14,6,2,16,4,markov,512,2.543,0.995,0.005,30.097,0.764,0.236,0,0,0,2375,1814,561,42
leela,14,6,2,17,3,markov,4,2.539,0.995,0.005,29.297,0.764,0.236,0,0,0,2375,1814,561,42
leela,14,6,2,17,3,markov,16,2.539,0.995,0.005,29.297,0.764,0.236,0,0,0,2375,1814,561,42
leela,14,6,2,17,3,markov,32,2.539,0.995,0.005,29.297,0.764,0.236,0,0,0,2375,1814,561,42
leela,14,6,2,17,3,markov,64,2.539,0.995,0.005,29.297,0.764,0.236,0,0,0,2375,1814,561,42
leela,14,6,2,17,3,markov,128,2.539,0.995,0.005,29.297,0.764,0.236,0,0,0,2375,1814,561,42
leela,14,6,2,17,3,markov,256,2.539,0.995,0.005,29.297,0.764,0.236,0,0,0,2375,1814,561,42
leela,14,6,2,17,3,markov,512,2.539,0.995,0.005,29.297,0.764,0.236,0,0,0,2375,1814,561,42
leela,14,6,2,17,4,markov,4,2.543,0.995,0.005,30.097,0.764,0.236,0,0,0,2375,1814,561,42
leela,14,6,2,17,4,markov,16,2.543,0.995,0.005,30.097,0.764,0.236,0,0,0,2375,1814,561,42
leela,14,6,2,17,4,markov,32,2.543,0.995,0.005,30.097,0.764,0.236,0,0,0,2375,1814,561,42
leela,14,6,2,17,4,markov,64,2.543,0.995,0.005,30.097,0.764,0.236,0,0,0,2375,1814,561,42
leela,14,6,2,17,4,markov,128,2.543,0.995,0.005,30.097,0.764,0.236,0,0,0,2375,1814,561,42
leela,14,6,2,17,4,markov,256,2.543,0.995,0.005,30.097,0.764,0.236,0,0,0,2375,1814,561,42
leela,14,6,2,17,4,markov,512,2.543,0.995,0.005,30.097,0.764,0.236,0,0,0,2375,1814,561,42
leela,14,6,3,16,3,markov,4,2.734,0.996,0.004,31.392,0.738,0.262,0,0,0,2138,1577,561,35
leela,14,6,3,16,3,markov,16,2.734,0.996,0.004,31.392,0.738,0.262,0,0,0,2138,1577,561,35
leela,14,6,3,16,3,markov,32,2.734,0.996,0.004,31.392,0.738,0.262,0,0,0,2138,1577,561,35
leela,14,6,3,16,3,markov,64,2.734,0.996,0.004,31.392,0.738,0.262,0,0,0,2138,1577,561,35
leela,14,6,3,16,3,markov,128,2.734,0.996,0.004,31.392,0.738,0.262,0,0,0,2138,1577,561,35
leela,14,6,3,16,3,markov,256,2.734,0.996,0.004,31.392,0.738,0.262,0,0,0,2138,1577,561,35
leela,14,6,3,16,3,markov,512,2.734,0.996,0.004,31.392,0.738,0.262,0,0,0,2138,1577,561,35
leela,14,6,3,16,4,markov,4,2.738,0.996,0.004,32.192,0.738,0.262,0,0,0,2138,1577,561,35
leela,14,6,3,16,4,markov,16,2.738,0.996,0.004,32.192,0.738,0.262,0,0,0,2138,1577,561,35
leela,14,6,3,16,4,markov,32,2.738,0.996,0.004,32.192,0.738,0.262,0,0,0,2138,1577,561,35
leela,14,6,3,16,4,markov,64,2.738,0.996,0.004,32.192,0.738,0.262,0,0,0,2138,1577,561,35
leela,14,6,3,16,4,markov,128,2.738,0.996,0.004,32.192,0.738,0.262,0,0,0,2138,1577,561,35
leela,14,6,3,16,4,markov,256,2.738,0.996,0.004,32.192,0.738,0.262,0,0,0,2138,1577,561,35
leela,14,6,3,16,4,markov,512,2.738,0.996,0.004,32.192,0.738,0.262,0,0,0,2138,1577,561,35
leela,14,6,3,17,3,markov,4,2.734,0.996,0.004,31.392,0.738,0.262,0,0,0,2138,1577,561,35
leela,14,6,3,17,3,markov,16,2.734,0.996,0.004,31.392,0.738,0.262,0,0,0,2138,1577,561,35
leela,14,6,3,17,3,markov,32,2.734,0.996,0.004,31.392,0.738,0.262,0,0,0,2138,1577,561,35
leela,14,6,3,17,3,markov,64,2.734,0.996,0.004,31.392,0.738,0.262,0,0,0,2138,1577,561,35
leela,14,6,3,17,3,markov,128,2.734,0.996,0.004,31.392,0.738,0.262,0,0,0,2138,1577,561,35
leela,14,6,3,17,3,markov,256,2.734,0.996,0.004,31.392,0.738,0.262,0,0,0,2138,1577,561,35
leela,14,6,3,17,3,markov,512,2.734,0.996,0.004,31.392,0.738,0.262,0,0,0,2138,1577,561,35
leela,14,6,3,17,4,markov,4,2.738,0.996,0.004,32.192,0.738,0.262,0,0,0,2138,1577,561,35
leela,14,6,3,17,4,markov,16,2.738,0.996,0.004,32.192,0.738,0.262,0,0,0,2138,1577,561,35
leela,14,6,3,17,4,markov,32,2.738,0.996,0.004,32.192,0.738,0.262,0,0,0,2138,1577,561,35
leela,14,6,3,17,4,markov,64,2.738,0.996,0.004,32.192,0.738,0.262,0,0,0,2138,1577,561,35
leela,14,6,3,17,4,markov,128,2.738,0.996,0.004,32.192,0.738,0.262,0,0,0,2138,1577,561,35
leela,14,6,3,17,4,markov,256,2.738,0.996,0.004,32.192,0.738,0.262,0,0,0,2138,1577,561,35
leela,14,6,3,17,4,markov,512,2.738,0.996,0.004,32.192,0.738,0.262,0,0,0,2138,1577,561,35
leela,15,6,1,16,3,markov,4,2.309,0.998,0.002,60.156,0.378,0.622,0,0,0,902,341,561,31
leela,15,6,1,16,3,markov,16,2.309,0.998,0.002,60.156,0.378,0.622,0,0,0,902,341,561,31
leela,15,6,1,16,3,markov,32,2.309,0.998,0.002,60.156,0.378,0.622,0,0,0,902,341,561,31
leela,15,6,1,16,3,markov,64,2.309,0.998,0.002,60.156,0.378,0.622,0,0,0,902,341,561,31
leela,15,6,1,16,3,markov,128,2.309,0.998,0.002,60.156,0.378,0.622,0,0,0,902,341,561,31
leela,15,6,1,16,3,markov,256,2.309,0.998,0.002,60.156,0.378,0.622,0,0,0,902,341,561,31
leela,15,6,1,16,3,markov,512,2.309,0.998,0.002,60.156,0.378,0.622,0,0,0,902,341,561,31
leela,15,6,1,16,4,markov,4,2.310,0.998,0.002,60.956,0.378,0.622,0,0,0,902,341,561,31
leela,15,6,1,16,4,markov,16,2.310,0.998,0.002,60.956,0.378,0.622,0,0,0,902,341,561,31
leela,15,6,1,16,4,markov,32,2.310,0.998,0.002,60.956,0.378,0.622,0,0,0,902,341,561,31
leela,15,6,1,16,4,markov,64,2.310,0.998,0.002,60.956,0.378,0.622,0,0,0,902,341,561,31
leela,15,6,1,16,4,markov,128,2.310,0.998,0.002,60.956,0.378,0.622,0,0,0,902,341,561,31
leela,15,6,1,16,4,markov,256,2.310,0.998,0.002,60.956,0.378,0.622,0,0,0,902,341,561,31
leela,15,6,1,16,4,markov,512,2.310,0.998,0.002,60.956,0.378,0.622,0,0,0,902,341,561,31
leela,15,6,1,17,3,markov,4,2.309,0.998,0.002,60.156,0.378,0.622,0,0,0,902,341,561,31
leela,15,6,1,17,3,markov,16,2.309,0.998,0.002,60.156,0.378,0.622,0,0,0,902,341,561,31
leela,15,6,1,17,3,markov,32,2.309,0.998,0.002,60.156,0.378,0.622,0,0,0,902,341,561,31
leela,15,6,1,17,3,markov,64,2.309,0.998,0.002,60.156,0.378,0.622,0,0,0,902,341,561,31
leela,15,6,1,17,3,markov,128,2.309,0.998,0.002,60.156,0.378,0.622,0,0,0,902,341,561,31
leela,15,6,1,17,3,markov,256,2.309,0.998,0.002,60.156,0.378,0.622,0,0,0,902,341,561,31
leela,15,6,1,17,3,markov,512,2.309,0.998,0.002,60.156,0.378,0.622,0,0,0,902,341,561,31
leela,15,6,1,17,4,markov,4,2.310,0.998,0.002,60.956,0.378,0.622,0,0,0,902,341,561,31
leela,15,6,1,17,4,markov,16,2.310,0.998,0.002,60.956,0.378,0.622,0,0,0,902,341,561,31
leela,15,6,1,17,4,markov,32,2.310,0.998,0.002,60.956,0.378,0.622,0,0,0,902,341,561,31
leela,15,6,1,17,4,markov,64,2.310,0.998,0.002,60.956,0.378,0.622,0,0,0,902,341,561,31
leela,15,6,1,17,4,markov,128,2.310,0.998,0.002,60.956,0.378,0.622,0,0,0,902,341,561,31
leela,15,6,1,17,4,markov,256,2.310,0.998,0.002,60.956,0.378,0.622,0,0,0,902,341,561,31
leela,15,6,1,17,4,markov,512,2.310,0.998,0.002,60.956,0.378,0.622,0,0,0,902,341,561,31
leela,15,6,2,16,3,markov,4,2.506,0.998,0.002,67.645,0.284,0.716,0,0,0,784,223,561,17
leela,15,6,2,16,3,markov,16,2.506,0.998,0.002,67.645,0.284,0.716,0,0,0,784,223,561,17
leela,15,6,2,16,3,markov,32,2.506,0.998,0.002,67.645,0.284,0.716,0,0,0,784,223,561,17
leela,15,6,2,16,3,markov,64,2.506,0.998,0.002,67.645,0.284,0.716,0,0,0,784,223,561,17
leela,15,6,2,16,3,markov,128,2.506,0.998,0.002,67.645,0.284,0.716,0,0,0,784,223,561,17
leela,15,6,2,16,3,markov,256,2.506,0.998,0.002,67.645,0.284,0.716,0,0,0,784,223,561,17
leela,15,6,2,16,3,markov,512,2.506,0.998,0.002,67.645,0.284,0.716,0,0,0,784,223,561,17
leela,15,6,2,16,4,markov,4,2.507,0.998,0.002,68.445,0.284,0.716,0,0,0,784,223,561,17
leela,15,6,2,16,4,markov,16,2.507,0.998,0.002,68.445,0.284,0.716,0,0,0,784,223,561,17
leela,15,6,2,16,4,markov,32,2.507,0.998,0.002,68.445,0.284,0.716,0,0,0,784,223,561,17
leela,15,6,2,16,4,markov,64,2.507,0.998,0.002,68.445,0.284,0.716,0,0,0,784,223,561,17
leela,15,6,2,16,4,markov,128,2.507,0.998,0.002,68.445,0.284,0.716,0,0,0,784,223,561,17
leela,15,6,2,16,4,markov,256,2.507,0.998,0.002,68.445,0.284,0.716,0,0,0,784,223,561,17
leela,15,6,2,16,4,markov,512,2.507,0.998,0.002,68.445,0.284,0.716,0,0,0,784,223,561,17
leela,15,6,2,17,3,markov,4,2.506,0.998,0.002,67.645,0.284,0.716,0,0,0,784,223,561,17
leela,15,6,2,17,3,markov,16,2.506,0.998,0.002,67.645,0.284,0.716,0,0,0,784,223,561,17
leela,15,6,2,17,3,markov,32,2.506,0.998,0.002,67.645,0.284,0.716,0,0,0,784,223,561,17
leela,15,6,2,17,3,markov,64,2.506,0.998,0.002,67.645,0.284,0.716,0,0,0,784,223,561,17
leela,15,6,2,17,3,markov,128,2.506,0.998,0.002,67.645,0.284,0.716,0,0,0,784,223,561,17
leela,15,6,2,17,3,markov,256,2.506,0.998,0.002,67.645,0.284,0.716,0,0,0,784,223,561,17
leela,15,6,2,17,3,markov,512,2.506,0.998,0.002,67.645,0.284,0.716,0,0,0,784,223,561,17
leela,15,6,2,17,4,markov,4,2.507,0.998,0.002,68.445,0.284,0.716,0,0,0,784,223,561,17
leela,15,6,2,17,4,markov,16,2.507,0.998,0.002,68.445,0.284,0.716,0,0,0,784,223,561,17
leela,15,6,2,17,4,markov,32,2.507,0.998,0.002,68.445,0.284,0.716,0,0,0,784,223,561,17
leela,15,6,2,17,4,markov,64,2.507,0.998,0.002,68.445,0.284,0.716,0,0,0,784,223,561,17
leela,15,6,2,17,4,markov,128,2.507,0.998,0.002,68.445,0.284,0.716,0,0,0,784,223,561,17
leela,15,6,2,17,4,markov,256,2.507,0.998,0.002,68.445,0.284,0.716,0,0,0,784,223,561,17
leela,15,6,2,17,4,markov,512,2.507,0.998,0.002,68.445,0.284,0.716,0,0,0,784,223,561,17
leela,15,6,3,16,3,markov,4,2.704,0.999,0.001,77.990,0.155,0.845,0,0,0,664,103,561,13
leela,15,6,3,16,3,markov,16,2.704,0.999,0.001,77.990,0.155,0.845,0,0,0,664,103,561,13
leela,15,6,3,16,3,markov,32,2.704,0.999,0.001,77.990,0.155,0.845,0,0,0,664,103,561,13
leela,15,6,3,16,3,markov,64,2.704,0.999,0.001,77.990,0.155,0.845,0,0,0,664,103,561,13
leela,15,6,3,16,3,markov,128,2.704,0.999,0.001,77.990,0.155,0.845,0,0,0,664,103,561,13
leela,15,6,3,16,3,markov,256,2.704,0.999,0.001,77.990,0.155,0.845,0,0,0,664,103,561,13
leela,15,6,3,16,3,markov,512,2.704,0.999,0.001,77.990,0.155,0.845,0,0,0,664,103,561,13
leela,15,6,3,16,4,markov,4,2.705,0.999,0.001,78.790,0.155,0.845,0,0,0,664,103,561,13
leela,15,6,3,16,4,markov,16,2.705,0.999,0.001,78.790,0.155,0.845,0,0,0,664,103,561,13
leela,15,6,3,16,4,markov,32,2.705,0.999,0.001,78.790,0.155,0.845,0,0,0,664,103,561,13
leela,15,6,3,16,4,markov,64,2.705,0.999,0.001,78.790,0.155,0.845,0,0,0,664,103,561,13
leela,15,6,3,16,4,markov,128,2.705,0.999,0.001,78.790,0.155,0.845,0,0,0,664,103,561,13
leela,15,6,3,16,4,markov,256,2.705,0.999,0.001,78.790,0.155,0.845,0,0,0,664,103,561,13
leela,15,6,3,16,4,markov,512,2.705,0.999,0.001,78.790,0.155,0.845,0,0,0,664,103,561,13
leela,15,6,3,17,3,markov,4,2.704,0.999,0.001,77.990,0.155,0.845,0,0,0,664,103,561,13
leela,15,6,3,17,3,markov,16,2.704,0.999,0.001,77.990,0.155,0.845,0,0,0,664,103,561,13
leela,15,6,3,17,3,markov,32,2.704,0.999,0.001,77.990,0.155,0.845,0,0,0,664,103,561,13
leela,15,6,3,17,3,markov,64,2.704,0.999,0.001,77.990,0.155,0.845,0,0,0,664,103,561,13
leela,15,6,3,17,3,markov,128,2.704,0.999,0.001,77.990,0.155,0.845,0,0,0,664,103,561,13
leela,15,6,3,17,3,markov,256,2.704,0.999,0.001,77.990,0.155,0.845,0,0,0,664,103,561,13
leela,15,6,3,17,3,markov,512,2.704,0.999,0.001,77.990,0.155,0.845,0,0,0,664,103,561,13
leela,15,6,3,17,4,markov,4,2.705,0.999,0.001,78.790,0.155,0.845,0,0,0,664,103,561,13
leela,15,6,3,17,4,markov,16,2.705,0.999,0.001,78.790,0.155,0.845,0,0,0,664,103,561,13
leela,15,6,3,17,4,markov,32,2.705,0.999,0.001,78.790,0.155,0.845,0,0,0,664,103,561,13
leela,15,6,3,17,4,markov,64,2.705,0.999,0.001,78.790,0.155,0.845,0,0,0,664,103,561,13
leela,15,6,3,17,4,markov,128,2.705,0.999,0.001,78.790,0.155,0.845,0,0,0,664,103,561,13
leela,15,6,3,17,4,markov,256,2.705,0.999,0.001,78.790,0.155,0.845,0,0,0,664,103,561,13
leela,15,6,3,17,4,markov,512,2.705,0.999,0.001,78.790,0.155,0.845,0,0,0,664,103,561,13
linpack,14,6,1,16,3,markov,4,9.798,0.914,0.086,88.755,0.021,0.979,0,0,0,42801,880,41921,41993
linpack,14,6,1,16,3,markov,16,9.798,0.914,0.086,88.755,0.021,0.979,0,0,0,42801,880,41921,41993
linpack,14,6,1,16,3,markov,32,9.798,0.914,0.086,88.755,0.021,0.979,0,0,0,42801,880,41921,41993
linpack,14,6,1,16,3,markov,64,9.798,0.914,0.086,88.755,0.021,0.979,0,0,0,42801,880,41921,41993
linpack,14,6,1,16,3,markov,128,9.798,0.914,0.086,88.755,0.021,0.979,0,0,0,42801,880,41921,41993
linpack,14,6,1,16,3,markov,256,9.798,0.914,0.086,88.755,0.021,0.979,0,0,0,42801,880,41921,41993
linpack,14,6,1,16,3,markov,512,9.798,0.914,0.086,88.755,0.021,0.979,0,0,0,42801,880,41921,41993
linpack,14,6,1,16,4,markov,4,9.867,0.914,0.086,89.563,0.020,0.980,0,0,0,42801,876,41925,41993
linpack,14,6,1,16,4,markov,16,9.867,0.914,0.086,89.563,0.020,0.980,0,0,0,42801,876,41925,41993
linpack,14,6,1,16,4,markov,32,9.867,0.914,0.086,89.563,0.020,0.980,0,0,0,42801,876,41925,41993
linpack,14,6,1,16,4,markov,64,9.867,0.914,0.086,89.563,0.020,0.980,0,0,0,42801,876,41925,41993
linpack,14,6,1,16,4,markov,128,9.867,0.914,0.086,89.563,0.020,0.980,0,0,0,42801,876,41925,41993
linpack,14,6,1,16,4,markov,256,9.867,0.914,0.086,89.563,0.020,0.980,0,0,0,42801,876,41925,41993
linpack,14,6,1,16,4,markov,512,9.867,0.914,0.086,89.563,0.020,0.980,0,0,0,42801,876,41925,41993
linpack,14,6,1,17,3,markov,4,9.833,0.914,0.086,89.166,0.015,0.985,0,0,0,42801,660,42141,41993
linpack,14,6,1,17,3,markov,16,9.833,0.914,0.086,89.166,0.015,0.985,0,0,0,42801,660,42141,41993
linpack,14,6,1,17,3,markov,32,9.833,0.914,0.086,89.166,0.015,0.985,0,0,0,42801,660,42141,41993
linpack,14,6,1,17,3,markov,64,9.833,0.914,0.086,89.166,0.015,0.985,0,0,0,42801,660,42141,41993
linpack,14,6,1,17,3,markov,128,9.833,0.914,0.086,89.166,0.015,0.985,0,0,0,42801,660,42141,41993
linpack,14,6,1,17,3,markov,256,9.833,0.914,0.086,89.166,0.015,0.985,0,0,0,42801,660,42141,41993
linpack,14,6,1,17,3,markov,512,9.833,0.914,0.086,89.166,0.015,0.985,0,0,0,42801,660,42141,41993
linpack,14,6,1,17,4,markov,4,9.866,0.914,0.086,89.555,0.021,0.979,0,0,0,42801,880,41921,41993
linpack,14,6,1,17,4,markov,16,9.866,0.914,0.086,89.555,0.021,0.979,0,0,0,42801,880,41921,41993
linpack,14,6,1,17,4,markov,32,9.866,0.914,0.086,89.555,0.021,0.979,0,0,0,42801,880,41921,41993
linpack,14,6,1,17,4,markov,64,9.866,0.914,0.086,89.555,0.021,0.979,0,0,0,42801,880,41921,41993
linpack,14,6,1,17,4,markov,128,9.866,0.914,0.086,89.555,0.021,0.979,0,0,0,42801,880,41921,41993
linpack,14,6,1,17,4,markov,256,9.866,0.914,0.086,89.555,0.021,0.979,0,0,0,42801,880,41921,41993
linpack,14,6,1,17,4,markov,512,9.866,0.914,0.086,89.555,0.021,0.979,0,0,0,42801,880,41921,41993
linpack,14,6,2,16,3,markov,4,10.043,0.913,0.087,88.275,0.027,0.973,0,0,0,43293,1150,42143,41978
linpack,14,6,2,16,3,markov,16,10.043,0.913,0.087,88.275,0.027,0.973,0,0,0,43293,1150,42143,41978
linpack,14,6,2,16,3,markov,32,10.043,0.913,0.087,88.275,0.027,0.973,0,0,0,43293,1150,42143,41978
linpack,14,6,2,16,3,markov,64,10.043,0.913,0.087,88.275,0.027,0.973,0,0,0,43293,1150,42143,41978
linpack,14,6,2,16,3,markov,128,10.043,0.913,0.087,88.275,0.027,0.973,0,0,0,43293,1150,42143,41978
linpack,14,6,2,16,3,markov,256,10.043,0.913,0.087,88.275,0.027,0.973,0,0,0,43293,1150,42143,41978
linpack,14,6,2,16,3,markov,512,10.043,0.913,0.087,88.275,0.027,0.973,0,0,0,43293,1150,42143,41978
linpack,14,6,2,16,4,markov,4,10.077,0.913,0.087,88.665,0.032,0.968,0,0,0,43293,1372,41921,41978
linpack,14,6,2,16,4,markov,16,10.077,0.913,0.087,88.665,0.032,0.968,0,0,0,43293,1372,41921,41978
linpack,14,6,2,16,4,markov,32,10.077,0.913,0.087,88.665,0.032,0.968,0,0,0,43293,1372,41921,41978
linpack,14,6,2,16,4,markov,64,10.077,0.913,0.087,88.665,0.032,0.968,0,0,0,43293,1372,41921,41978
linpack,14,6,2,16,4,markov,128,10.077,0.913,0.087,88.665,0.032,0.968,0,0,0,43293,1372,41921,41978
linpack,14,6,2,16,4,markov,256,10.077,0.913,0.087,88.665,0.032,0.968,0,0,0,43293,1372,41921,41978
linpack,14,6,2,16,4,markov,512,10.077,0.913,0.087,88.665,0.032,0.968,0,0,0,43293,1372,41921,41978
linpack,14,6,2,17,3,markov,4,10.073,0.913,0.087,88.622,0.022,0.978,0,0,0,43293,962,42331,41978
linpack,14,6,2,17,3,markov,16,10.073,0.913,0.087,88.622,0.022,0.978,0,0,0,43293,962,42331,41978
linpack,14,6,2,17,3,markov,32,10.073,0.913,0.087,88.622,0.022,0.978,0,0,0,43293,962,42331,41978
linpack,14,6,2,17,3,markov,64,10.073,0.913,0.087,88.622,0.022,0.978,0,0,0,43293,962,42331,41978
linpack,14,6,2,17,3,markov,128,10.073,0.913,0.087,88.622,0.022,0.978,0,0,0,43293,962,42331,41978
linpack,14,6,2,17,3,markov,256,10.073,0.913,0.087,88.622,0.022,0.978,0,0,0,43293,962,42331,41978
linpack,14,6,2,17,3,markov,512,10.073,0.913,0.087,88.622,0.022,0.978,0,0,0,43293,962,42331,41978
linpack,14,6,2,17,4,markov,4,10.101,0.913,0.087,88.938,0.028,0.972,0,0,0,43293,1224,42069,41978
linpack,14,6,2,17,4,markov,16,10.101,0.913,0.087,88.938,0.028,0.972,0,0,0,43293,1224,42069,41978
linpack,14,6,2,17,4,markov,32,10.101,0.913,0.087,88.938,0.028,0.972,0,0,0,43293,1224,42069,41978
linpack,14,6,2,17,4,markov,64,10.101,0.913,0.087,88.938,0.028,0.972,0,0,0,43293,1224,42069,41978
linpack,14,6,2,17,4,markov,128,10.101,0.913,0.087,88.938,0.028,0.972,0,0,0,43293,1224,42069,41978
linpack,14,6,2,17,4,markov,256,10.101,0.913,0.087,88.938,0.028,0.972,0,0,0,43293,1224,42069,41978
linpack,14,6,2,17,4,markov,512,10.101,0.913,0.087,88.938,0.028,0.972,0,0,0,43293,1224,42069,41978
linpack,14,6,3,16,3,markov,4,10.270,0.912,0.088,86.884,0.044,0.956,0,0,0,44139,1940,42199,41953
linpack,14,6,3,16,3,markov,16,10.270,0.912,0.088,86.884,0.044,0.956,0,0,0,44139,1940,42199,41953
linpack,14,6,3,16,3,markov,32,10.270,0.912,0.088,86.884,0.044,0.956,0,0,0,44139,1940,42199,41953
linpack,14,6,3,16,3,markov,64,10.270,0.912,0.088,86.884,0.044,0.956,0,0,0,44139,1940,42199,41953
linpack,14,6,3,16,3,markov,128,10.270,0.912,0.088,86.884,0.044,0.956,0,0,0,44139,1940,42199,41953
linpack,14,6,3,16,3,markov,256,10.270,0.912,0.088,86.884,0.044,0.956,0,0,0,44139,1940,42199,41953
linpack,14,6,3,16,3,markov,512,10.270,0.912,0.088,86.884,0.044,0.956,0,0,0,44139,1940,42199,41953
linpack,14,6,3,16,4,markov,4,10.296,0.912,0.088,87.180,0.050,0.950,0,0,0,44139,2218,41921,41953
linpack,14,6,3,16,4,markov,16,10.296,0.912,0.088,87.180,0.050,0.950,0,0,0,44139,2218,41921,41953
linpack,14,6,3,16,4,markov,32,10.296,0.912,0.088,87.180,0.050,0.950,0,0,0,44139,2218,41921,41953
linpack,14,6,3,16,4,markov,64,10.296,0.912,0.088,87.180,0.050,0.950,0,0,0,44139,2218,41921,41953
linpack,14,6,3,16,4,markov,128,10.296,0.912,0.088,87.180,0.050,0.950,0,0,0,44139,2218,41921,41953
linpack,14,6,3,16,4,markov,256,10.296,0.912,0.088,87.180,0.050,0.950,0,0,0,44139,2218,41921,41953
linpack,14,6,3,16,4,markov,512,10.296,0.912,0.088,87.180,0.050,0.950,0,0,0,44139,2218,41921,41953
linpack,14,6,3,17,3,markov,4,10.339,0.912,0.088,87.667,0.034,0.966,0,0,0,44139,1508,42631,41953
linpack,14,6,3,17,3,markov,16,10.339,0.912,0.088,87.667,0.034,0.966,0,0,0,44139,1508,42631,41953
linpack,14,6,3,17,3,markov,32,10.339,0.912,0.088,87.667,0.034,0.966,0,0,0,44139,1508,42631,41953
linpack,14,6,3,17,3,markov,64,10.339,0.912,0.088,87.667,0.034,0.966,0,0,0,44139,1508,42631,41953
linpack,14,6,3,17,3,markov,128,10.339,0.912,0.088,87.667,0.034,0.966,0,0,0,44139,1508,42631,41953
linpack,14,6,3,17,3,markov,256,10.339,0.912,0.088,87.667,0.034,0.966,0,0,0,44139,1508,42631,41953
linpack,14,6,3,17,3,markov,512,10.339,0.912,0.088,87.667,0.034,0.966,0,0,0,44139,1508,42631,41953
linpack,14,6,3,17,4,markov,4,10.317,0.912,0.088,87.419,0.047,0.953,0,0,0,44139,2086,42053,41953
linpack,14,6,3,17,4,markov,16,10.317,0.912,0.088,87.419,0.047,0.953,0,0,0,44139,2086,42053,41953
linpack,14,6,3,17,4,markov,32,10.317,0.912,0.088,87.419,0.047,0.953,0,0,0,44139,2086,42053,41953
linpack,14,6,3,17,4,markov,64,10.317,0.912,0.088,87.419,0.047,0.953,0,0,0,44139,2086,42053,41953
linpack,14,6,3,17,4,markov,128,10.317,0.912,0.088,87.419,0.047,0.953,0,0,0,44139,2086,42053,41953
linpack,14,6,3,17,4,markov,256,10.317,0.912,0.088,87.419,0.047,0.953,0,0,0,44139,2086,42053,41953
linpack,14,6,3,17,4,markov,512,10.317,0.912,0.088,87.419,0.047,0.953,0,0,0,44139,2086,42053,41953
linpack,15,6,1,16,3,markov,4,9.779,0.916,0.084,90.400,0.000,1.000,0,0,0,41921,0,41921,41409
linpack,15,6,1,16,3,markov,16,9.779,0.916,0.084,90.400,0.000,1.000,0,0,0,41921,0,41921,41409
linpack,15,6,1,16,3,markov,32,9.779,0.916,0.084,90.400,0.000,1.000,0,0,0,41921,0,41921,41409
linpack,15,6,1,16,3,markov,64,9.779,0.916,0.084,90.400,0.000,1.000,0,0,0,41921,0,41921,41409
linpack,15,6,1,16,3,markov,128,9.779,0.916,0.084,90.400,0.000,1.000,0,0,0,41921,0,41921,41409
linpack,15,6,1,16,3,markov,256,9.779,0.916,0.084,90.400,0.000,1.000,0,0,0,41921,0,41921,41409
linpack,15,6,1,16,3,markov,512,9.779,0.916,0.084,90.400,0.000,1.000,0,0,0,41921,0,41921,41409
linpack,15,6,1,16,4,markov,4,9.846,0.916,0.084,91.200,0.000,1.000,0,0,0,41921,0,41921,41409
linpack,15,6,1,16,4,markov,16,9.846,0.916,0.084,91.200,0.000,1.000,0,0,0,41921,0,41921,41409
linpack,15,6,1,16,4,markov,32,9.846,0.916,0.084,91.200,0.000,1.000,0,0,0,41921,0,41921,41409
linpack,15,6,1,16,4,markov,64,9.846,0.916,0.084,91.200,0.000,1.000,0,0,0,41921,0,41921,41409
linpack,15,6,1,16,4,markov,128,9.846,0.916,0.084,91.200,0.000,1.000,0,0,0,41921,0,41921,41409
linpack,15,6,1,16,4,markov,256,9.846,0.916,0.084,91.200,0.000,1.000,0,0,0,41921,0,41921,41409
linpack,15,6,1,16,4,markov,512,9.846,0.916,0.084,91.200,0.000,1.000,0,0,0,41921,0,41921,41409
linpack,15,6,1,17,3,markov,4,9.779,0.916,0.084,90.400,0.000,1.000,0,0,0,41921,0,41921,41409
linpack,15,6,1,17,3,markov,16,9.779,0.916,0.084,90.400,0.000,1.000,0,0,0,41921,0,41921,41409
linpack,15,6,1,17,3,markov,32,9.779,0.916,0.084,90.400,0.000,1.000,0,0,0,41921,0,41921,41409
linpack,15,6,1,17,3,markov,64,9.779,0.916,0.084,90.400,0.000,1.000,0,0,0,41921,0,41921,41409
linpack,15,6,1,17,3,markov,128,9.779,0.916,0.084,90.400,0.000,1.000,0,0,0,41921,0,41921,41409
linpack,15,6,1,17,3,markov,256,9.779,0.916,0.084,90.400,0.000,1.000,0,0,0,41921,0,41921,41409
linpack,15,6,1,17,3,markov,512,9.779,0.916,0.084,90.400,0.000,1.000,0,0,0,41921,0,41921,41409
linpack,15,6,1,17,4,markov,4,9.846,0.916,0.084,91.200,0.000,1.000,0,0,0,41921,0,41921,41409
linpack,15,6,1,17,4,markov,16,9.846,0.916,0.084,91.200,0.000,1.000,0,0,0,41921,0,41921,41409
linpack,15,6,1,17,4,markov,32,9.846,0.916,0.084,91.200,0.000,1.000,0,0,0,41921,0,41921,41409
linpack,15,6,1,17,4,markov,64,9.846,0.916,0.084,91.200,0.000,1.000,0,0,0,41921,0,41921,41409
linpack,15,6,1,17,4,markov,128,9.846,0.916,0.084,91.200,0.000,1.000,0,0,0,41921,0,41921,41409
linpack,15,6,1,17,4,markov,256,9.846,0.916,0.084,91.200,0.000,1.000,0,0,0,41921,0,41921,41409
linpack,15,6,1,17,4,markov,512,9.846,0.916,0.084,91.200,0.000,1.000,0,0,0,41921,0,41921,41409
linpack,15,6,2,16,3,markov,4,9.979,0.916,0.084,90.400,0.000,1.000,0,0,0,41921,0,41921,41409
linpack,15,6,2,16,3,markov,16,9.979,0.916,0.084,90.400,0.000,1.000,0,0,0,41921,0,41921,41409
linpack,15,6,2,16,3,markov,32,9.979,0.916,0.084,90.400,0.000,1.000,0,0,0,41921,0,41921,41409
linpack,15,6,2,16,3,markov,64,9.979,0.916,0.084,90.400,0.000,1.000,0,0,0,41921,0,41921,41409
linpack,15,6,2,16,3,markov,128,9.979,0.916,0.084,90.400,0.000,1.000,0,0,0,41921,0,41921,41409
linpack,15,6,2,16,3,markov,256,9.979,0.916,0.084,90.400,0.000,1.000,0,0,0,41921,0,41921,41409
linpack,15,6,2,16,3,markov,512,9.979,0.916,0.084,90.400,0.000,1.000,0,0,0,41921,0,41921,41409
linpack,15,6,2,16,4,markov,4,10.046,0.916,0.084,91.200,0.000,1.000,0,0,0,41921,0,41921,41409
linpack,15,6,2,16,4,markov,16,10.046,0.916,0.084,91.200,0.000,1.000,0,0,0,41921,0,41921,41409
linpack,15,6,2,16,4,markov,32,10.046,0.916,0.084,91.200,0.000,1.000,0,0,0,41921,0,41921,41409
linpack,15,6,2,16,4,markov,64,10.046,0.916,0.084,91.200,0.000,1.000,0,0,0,41921,0,41921,41409
linpack,15,6,2,16,4,markov,128,10.046,0.916,0.084,91.200,0.000,1.000,0,0,0,41921,0,41921,41409
linpack,15,6,2,16,4,markov,256,10.046,0.916,0.084,91.200,0.000,1.000,0,0,0,41921,0,41921,41409
linpack,15,6,2,16,4,markov,512,10.046,0.916,0.084,91.200,0.000,1.000,0,0,0,41921,0,41921,41409
linpack,15,6,2,17,3,markov,4,9.979,0.916,0.084,90.400,0.000,1.000,0,0,0,41921,0,41921,41409
linpack,15,6,2,17,3,markov,16,9.979,0.916,0.084,90.400,0.000,1.000,0,0,0,41921,0,41921,41409
linpack,15,6,2,17,3,markov,32,9.979,0.916,0.084,90.400,0.000,1.000,0,0,0,41921,0,41921,41409
linpack,15,6,2,17,3,markov,64,9.979,0.916,0.084,90.400,0.000,1.000,0,0,0,41921,0,41921,41409
linpack,15,6,2,17,3,markov,128,9.979,0.916,0.084,90.400,0.000,1.000,0,0,0,41921,0,41921,41409
linpack,15,6,2,17,3,markov,256,9.979,0.916,0.084,90.400,0.000,1.000,0,0,0,41921,0,41921,41409
linpack,15,6,2,17,3,markov,512,9.979,0.916,0.084,90.400,0.000,1.000,0,0,0,41921,0,41921,41409
linpack,15,6,2,17,4,markov,4,10.046,0.916,0.084,91.200,0.000,1.000,0,0,0,41921,0,41921,41409
linpack,15,6,2,17,4,markov,16,10.046,0.916,0.084,91.200,0.000,1.000,0,0,0,41921,0,41921,41409
linpack,15,6,2,17,4,markov,32,10.046,0.916,0.084,91.200,0.000,1.000,0,0,0,41921,0,41921,41409
linpack,15,6,2,17,4,markov,64,10.046,0.916,0.084,91.200,0.000,1.000,0,0,0,41921,0,41921,41409
linpack,15,6,2,17,4,markov,128,10.046,0.916,0.084,91.200,0.000,1.000,0,0,0,41921,0,41921,41409
linpack,15,6,2,17,4,markov,256,10.046,0.916,0.084,91.200,0.000,1.000,0,0,0,41921,0,41921,41409
linpack,15,6,2,17,4,markov,512,10.046,0.916,0.084,91.200,0.000,1.000,0,0,0,41921,0,41921,41409
linpack,15,6,3,16,3,markov,4,10.179,0.916,0.084,90.400,0.000,1.000,0,0,0,41921,0,41921,41409
linpack,15,6,3,16,3,markov,16,10.179,0.916,0.084,90.400,0.000,1.000,0,0,0,41921,0,41921,41409
linpack,15,6,3,16,3,markov,32,10.179,0.916,0.084,90.400,0.000,1.000,0,0,0,41921,0,41921,41409
linpack,15,6,3,16,3,markov,64,10.179,0.916,0.084,90.400,0.000,1.000,0,0,0,41921,0,41921,41409
linpack,15,6,3,16,3,markov,128,10.179,0.916,0.084,90.400,0.000,1.000,0,0,0,41921,0,41921,41409
linpack,15,6,3,16,3,markov,256,10.179,0.916,0.084,90.400,0.000,1.000,0,0,0,41921,0,41921,41409
linpack,15,6,3,16,3,markov,512,10.179,0.916,0.084,90.400,0.000,1.000,0,0,0,41921,0,41921,41409
linpack,15,6,3,16,4,markov,4,10.246,0.916,0.084,91.200,0.000,1.000,0,0,0,41921,0,41921,41409
linpack,15,6,3,16,4,markov,16,10.246,0.916,0.084,91.200,0.000,1.000,0,0,0,41921,0,41921,41409
linpack,15,6,3,16,4,markov,32,10.246,0.916,0.084,91.200,0.000,1.000,0,0,0,41921,0,41921,41409
linpack,15,6,3,16,4,markov,64,10.246,0.916,0.084,91.200,0.000,1.000,0,0,0,41921,0,41921,41409
linpack,15,6,3,16,4,markov,128,10.246,0.916,0.084,91.200,0.000,1.000,0,0,0,41921,0,41921,41409
linpack,15,6,3,16,4,markov,256,10.246,0.916,0.084,91.200,0.000,1.000,0,0,0,41921,0,41921,41409
linpack,15,6,3,16,4,markov,512,10.246,0.916,0.084,91.200,0.000,1.000,0,0,0,41921,0,41921,41409
linpack,15,6,3,17,3,markov,4,10.179,0.916,0.084,90.400,0.000,1.000,0,0,0,41921,0,41921,41409
linpack,15,6,3,17,3,markov,16,10.179,0.916,0.084,90.400,0.000,1.000,0,0,0,41921,0,41921,41409
linpack,15,6,3,17,3,markov,32,10.179,0.916,0.084,90.400,0.000,1.000,0,0,0,41921,0,41921,41409
linpack,15,6,3,17,3,markov,64,10.179,0.916,0.084,90.400,0.000,1.000,0,0,0,41921,0,41921,41409
linpack,15,6,3,17,3,markov,128,10.179,0.916,0.084,90.400,0.000,1.000,0,0,0,41921,0,41921,41409
linpack,15,6,3,17,3,markov,256,10.179,0.916,0.084,90.400,0.000,1.000,0,0,0,41921,0,41921,41409
linpack,15,6,3,17,3,markov,512,10.179,0.916,0.084,90.400,0.000,1.000,0,0,0,41921,0,41921,41409
linpack,15,6,3,17,4,markov,4,10.246,0.916,0.084,91.200,0.000,1.000,0,0,0,41921,0,41921,41409
linpack,15,6,3,17,4,markov,16,10.246,0.916,0.084,91.200,0.000,1.000,0,0,0,41921,0,41921,41409
linpack,15,6,3,17,4,markov,32,10.246,0.916,0.084,91.200,0.000,1.000,0,0,0,41921,0,41921,41409
linpack,15,6,3,17,4,markov,64,10.246,0.916,0.084,91.200,0.000,1.000,0,0,0,41921,0,41921,41409
linpack,15,6,3,17,4,markov,128,10.246,0.916,0.084,91.200,0.000,1.000,0,0,0,41921,0,41921,41409
linpack,15,6,3,17,4,markov,256,10.246,0.916,0.084,91.200,0.000,1.000,0,0,0,41921,0,41921,41409
linpack,15,6,3,17,4,markov,512,10.246,0.916,0.084,91.200,0.000,1.000,0,0,0,41921,0,41921,41409
matmul_naive,14,6,1,16,3,markov,4,8.580,0.669,0.331,19.285,0.889,0.111,307,224,83,165404,147033,18371,861
matmul_naive,14,6,1,16,3,markov,16,6.742,0.669,0.331,13.729,0.958,0.042,1114,1038,76,165404,158521,6883,861
matmul_naive,14,6,1,16,3,markov,32,6.745,0.669,0.331,13.740,0.958,0.042,1129,1051,78,165404,158498,6906,861
matmul_naive,14,6,1,16,3,markov,64,6.741,0.669,0.331,13.728,0.958,0.042,1121,997,124,165404,158523,6881,861
matmul_naive,14,6,1,16,3,markov,128,6.752,0.669,0.331,13.761,0.958,0.042,1228,963,264,165404,158455,6949,861
matmul_naive,14,6,1,16,3,markov,256,6.757,0.669,0.331,13.776,0.958,0.042,1331,970,359,165404,158424,6980,861
matmul_naive,14,6,1,16,3,markov,512,6.761,0.669,0.331,13.786,0.958,0.042,1512,1106,402,165404,158403,7001,861
matmul_naive,14,6,1,16,4,markov,4,8.059,0.669,0.331,17.713,0.919,0.081,287,219,68,165404,151939,13465,861
matmul_naive,14,6,1,16,4,markov,16,7.009,0.669,0.331,14.538,0.958,0.042,1075,950,125,165404,158502,6902,861
matmul_naive,14,6,1,16,4,markov,32,6.998,0.669,0.331,14.502,0.959,0.041,1074,955,119,165404,158576,6828,861
matmul_naive,14,6,1,16,4,markov,64,6.994,0.669,0.331,14.492,0.959,0.041,1127,955,172,165404,158597,6807,861
matmul_naive,14,6,1,16,4,markov,128,7.009,0.669,0.331,14.537,0.958,0.042,1191,928,263,165404,158505,6899,861
matmul_naive,14,6,1,16,4,markov,256,7.025,0.669,0.331,14.585,0.958,0.042,1426,1087,338,165404,158405,6999,861
matmul_naive,14,6,1,16,4,markov,512,7.003,0.669,0.331,14.518,0.959,0.041,1457,1065,390,165404,158544,6860,861
matmul_naive,14,6,1,17,3,markov,4,6.046,0.669,0.331,11.625,0.985,0.015,0,0,0,165404,162872,2532,861
matmul_naive,14,6,1,17,3,markov,16,6.046,0.669,0.331,11.625,0.985,0.015,0,0,0,165404,162872,2532,861
matmul_naive,14,6,1,17,3,markov,32,6.045,0.669,0.331,11.623,0.985,0.015,1,1,0,165404,162875,2529,861
matmul_naive,14,6,1,17,3,markov,64,6.045,0.669,0.331,11.623,0.985,0.015,1,1,0,165404,162875,2529,861
matmul_naive,14,6,1,17,3,markov,128,6.042,0.669,0.331,11.614,0.985,0.015,5,3,1,165404,162895,2509,861
matmul_naive,14,6,1,17,3,markov,256,6.042,0.669,0.331,11.613,0.985,0.015,9,4,2,165404,162896,2508,861
matmul_naive,14,6,1,17,3,markov,512,6.041,0.669,0.331,11.611,0.985,0.015,16,8,3,165404,162900,2504,861
matmul_naive,14,6,1,17,4,markov,4,6.314,0.669,0.331,12.437,0.985,0.015,0,0,0,165404,162847,2557,861
matmul_naive,14,6,1,17,4,markov,16,6.314,0.669,0.331,12.437,0.985,0.015,0,0,0,165404,162847,2557,861
matmul_naive,14,6,1,17,4,markov,32,6.314,0.669,0.331,12.436,0.985,0.015,1,1,0,165404,162849,2555,861
matmul_naive,14,6,1,17,4,markov,64,6.314,0.669,0.331,12.436,0.985,0.015,1,1,0,165404,162849,2555,861
matmul_naive,14,6,1,17,4,markov,128,6.310,0.669,0.331,12.426,0.985,0.015,7,5,1,165404,162870,2534,861
matmul_naive,14,6,1,17,4,markov,256,6.310,0.669,0.331,12.424,0.985,0.015,13,8,3,165404,162873,2531,861
matmul_naive,14,6,1,17,4,markov,512,6.309,0.669,0.331,12.422,0.985,0.015,22,12,6,165404,162877,2527,861
matmul_naive,14,6,2,16,3,markov,4,8.662,0.669,0.331,18.938,0.893,0.107,307,224,83,165340,147695,17645,848
matmul_naive,14,6,2,16,3,markov,16,6.922,0.669,0.331,13.675,0.959,0.041,1090,1015,75,165340,158571,6769,848
matmul_naive,14,6,2,16,3,markov,32,6.920,0.669,0.331,13.667,0.959,0.041,1085,1012,73,165340,158587,6753,848
matmul_naive,14,6,2,16,3,markov,64,6.918,0.669,0.331,13.662,0.959,0.041,1074,950,124,165340,158599,6741,848
matmul_naive,14,6,2,16,3,markov,128,6.934,0.669,0.331,13.711,0.959,0.041,1226,944,282,165340,158497,6843,848
matmul_naive,14,6,2,16,3,markov,256,6.935,0.669,0.331,13.714,0.959,0.041,1306,969,334,165340,158490,6850,848
matmul_naive,14,6,2,16,3,markov,512,6.949,0.669,0.331,13.756,0.958,0.042,1518,1082,430,165340,158405,6935,848
matmul_naive,14,6,2,16,4,markov,4,8.181,0.669,0.331,17.481,0.921,0.079,268,196,72,165340,152358,12982,848
matmul_naive,14,6,2,16,4,markov,16,7.191,0.669,0.331,14.489,0.959,0.041,1033,918,115,165340,158543,6797,848
matmul_naive,14,6,2,16,4,markov,32,7.182,0.669,0.331,14.460,0.959,0.041,1030,914,116,165340,158602,6738,848
matmul_naive,14,6,2,16,4,markov,64,7.169,0.669,0.331,14.422,0.960,0.040,1063,901,162,165340,158681,6659,848
matmul_naive,14,6,2,16,4,markov,128,7.191,0.669,0.331,14.488,0.959,0.041,1110,888,222,165340,158545,6795,848
matmul_naive,14,6,2,16,4,markov,256,7.195,0.669,0.331,14.501,0.959,0.041,1417,1056,359,165340,158518,6822,848
matmul_naive,14,6,2,16,4,markov,512,7.180,0.669,0.331,14.455,0.959,0.041,1509,1067,438,165340,158613,6727,848
matmul_naive,14,6,2,17,3,markov,4,6.239,0.669,0.331,11.611,0.985,0.015,0,0,0,165340,162838,2502,848
matmul_naive,14,6,2,17,3,markov,16,6.239,0.669,0.331,11.611,0.985,0.015,0,0,0,165340,162838,2502,848
matmul_naive,14,6,2,17,3,markov,32,6.239,0.669,0.331,11.611,0.985,0.015,0,0,0,165340,162838,2502,848
matmul_naive,14,6,2,17,3,markov,64,6.239,0.669,0.331,11.611,0.985,0.015,0,0,0,165340,162838,2502,848
matmul_naive,14,6,2,17,3,markov,128,6.238,0.669,0.331,11.608,0.985,0.015,3,2,1,165340,162844,2496,848
matmul_naive,14,6,2,17,3,markov,256,6.238,0.669,0.331,11.606,0.985,0.015,10,5,3,165340,162847,2493,848
matmul_naive,14,6,2,17,3,markov,512,6.238,0.669,0.331,11.606,0.985,0.015,14,6,4,165340,162848,2492,848
matmul_naive,14,6,2,17,4,markov,4,6.506,0.669,0.331,12.416,0.985,0.015,0,0,0,165340,162826,2514,848
matmul_naive,14,6,2,17,4,markov,16,6.506,0.669,0.331,12.416,0.985,0.015,0,0,0,165340,162826,2514,848
matmul_naive,14,6,2,17,4,markov,32,6.506,0.669,0.331,12.416,0.985,0.015,0,0,0,165340,162826,2514,848
matmul_naive,14,6,2,17,4,markov,64,6.506,0.669,0.331,12.416,0.985,0.015,0,0,0,165340,162826,2514,848
matmul_naive,14,6,2,17,4,markov,128,6.505,0.669,0.331,12.413,0.985,0.015,4,3,1,165340,162833,2507,848
matmul_naive,14,6,2,17,4,markov,256,6.504,0.669,0.331,12.412,0.985,0.015,14,6,5,165340,162836,2504,848
matmul_naive,14,6,2,17,4,markov,512,6.504,0.669,0.331,12.411,0.985,0.015,22,8,8,165340,162838,2502,848
matmul_naive,14,6,3,16,3,markov,4,8.853,0.669,0.331,18.916,0.894,0.106,299,220,79,165285,147690,17595,836
matmul_naive,14,6,3,16,3,markov,16,7.113,0.669,0.331,13.653,0.959,0.041,1090,1015,75,165285,158565,6720,836
matmul_naive,14,6,3,16,3,markov,32,7.110,0.669,0.331,13.644,0.959,0.041,1085,1012,73,165285,158583,6702,836
matmul_naive,14,6,3,16,3,markov,64,7.115,0.669,0.331,13.659,0.959,0.041,1113,958,155,165285,158552,6733,836
matmul_naive,14,6,3,16,3,markov,128,7.127,0.669,0.331,13.695,0.959,0.041,1218,939,279,165285,158477,6808,836
matmul_naive,14,6,3,16,3,markov,256,7.129,0.669,0.331,13.702,0.959,0.041,1299,976,322,165285,158463,6822,836
matmul_naive,14,6,3,16,3,markov,512,7.142,0.669,0.331,13.741,0.958,0.042,1485,1070,412,165285,158383,6902,836
matmul_naive,14,6,3,16,4,markov,4,8.373,0.669,0.331,17.464,0.922,0.078,268,196,72,165285,152343,12942,836
matmul_naive,14,6,3,16,4,markov,16,7.377,0.669,0.331,14.450,0.959,0.041,1016,905,111,165285,158570,6715,836
matmul_naive,14,6,3,16,4,markov,32,7.367,0.669,0.331,14.422,0.960,0.040,1013,901,112,165285,158629,6656,836
matmul_naive,14,6,3,16,4,markov,64,7.351,0.669,0.331,14.372,0.960,0.040,1020,873,147,165285,158732,6553,836
matmul_naive,14,6,3,16,4,markov,128,7.382,0.669,0.331,14.467,0.959,0.041,1110,884,226,165285,158536,6749,836
matmul_naive,14,6,3,16,4,markov,256,7.381,0.669,0.331,14.463,0.959,0.041,1402,1054,347,165285,158544,6741,836
matmul_naive,14,6,3,16,4,markov,512,7.376,0.669,0.331,14.449,0.959,0.041,1481,1043,435,165285,158572,6713,836
matmul_naive,14,6,3,17,3,markov,4,6.433,0.669,0.331,11.596,0.985,0.015,0,0,0,165285,162814,2471,836
matmul_naive,14,6,3,17,3,markov,16,6.433,0.669,0.331,11.596,0.985,0.015,0,0,0,165285,162814,2471,836
matmul_naive,14,6,3,17,3,markov,32,6.433,0.669,0.331,11.596,0.985,0.015,0,0,0,165285,162814,2471,836
matmul_naive,14,6,3,17,3,markov,64,6.433,0.669,0.331,11.596,0.985,0.015,0,0,0,165285,162814,2471,836
matmul_naive,14,6,3,17,3,markov,128,6.433,0.669,0.331,11.596,0.985,0.015,0,0,0,165285,162814,2471,836
matmul_naive,14,6,3,17,3,markov,256,6.433,0.669,0.331,11.595,0.985,0.015,3,3,0,165285,162817,2468,836
matmul_naive,14,6,3,17,3,markov,512,6.433,0.669,0.331,11.595,0.985,0.015,4,3,0,165285,162817,2468,836
matmul_naive,14,6,3,17,4,markov,4,6.699,0.669,0.331,12.399,0.985,0.015,0,0,0,165285,162807,2478,836
matmul_naive,14,6,3,17,4,markov,16,6.699,0.669,0.331,12.399,0.985,0.015,0,0,0,165285,162807,2478,836
matmul_naive,14,6,3,17,4,markov,32,6.699,0.669,0.331,12.399,0.985,0.015,0,0,0,165285,162807,2478,836
matmul_naive,14,6,3,17,4,markov,64,6.699,0.669,0.331,12.399,0.985,0.015,0,0,0,165285,162807,2478,836
matmul_naive,14,6,3,17,4,markov,128,6.699,0.669,0.331,12.399,0.985,0.015,0,0,0,165285,162807,2478,836
matmul_naive,14,6,3,17,4,markov,256,6.698,0.669,0.331,12.398,0.985,0.015,5,3,1,165285,162810,2475,836
matmul_naive,14,6,3,17,4,markov,512,6.698,0.669,0.331,12.398,0.985,0.015,7,3,1,165285,162810,2475,836
matmul_naive,15,6,1,16,3,markov,4,8.008,0.670,0.330,17.577,0.910,0.090,89,72,17,165217,150394,14823,817
matmul_naive,15,6,1,16,3,markov,16,6.681,0.670,0.330,13.562,0.960,0.040,814,719,95,165217,158686,6531,817
matmul_naive,15,6,1,16,3,markov,32,6.677,0.670,0.330,13.550,0.961,0.039,819,729,90,165217,158712,6505,817
matmul_naive,15,6,1,16,3,markov,64,6.682,0.670,0.330,13.565,0.960,0.040,835,642,193,165217,158681,6536,817
matmul_naive,15,6,1,16,3,markov,128,6.699,0.670,0.330,13.616,0.960,0.040,1032,671,361,165217,158575,6642,817
matmul_naive,15,6,1,16,3,markov,256,6.707,0.670,0.330,13.640,0.960,0.040,1120,692,428,165217,158526,6691,817
matmul_naive,15,6,1,16,3,markov,512,6.679,0.670,0.330,13.555,0.961,0.039,1278,904,374,165217,158701,6516,817
matmul_naive,15,6,1,16,4,markov,4,7.864,0.670,0.330,17.142,0.926,0.074,77,61,16,165217,152946,12271,817
matmul_naive,15,6,1,16,4,markov,16,6.931,0.670,0.330,14.317,0.961,0.039,747,655,92,165217,158780,6437,817
matmul_naive,15,6,1,16,4,markov,32,6.921,0.670,0.330,14.286,0.961,0.039,745,652,93,165217,158843,6374,817
matmul_naive,15,6,1,16,4,markov,64,6.940,0.670,0.330,14.344,0.961,0.039,849,643,206,165217,158724,6493,817
matmul_naive,15,6,1,16,4,markov,128,6.947,0.670,0.330,14.367,0.960,0.040,1042,683,359,165217,158676,6541,817
matmul_naive,15,6,1,16,4,markov,256,6.937,0.670,0.330,14.334,0.961,0.039,1270,876,394,165217,158744,6473,817
matmul_naive,15,6,1,16,4,markov,512,6.928,0.670,0.330,14.310,0.961,0.039,1345,886,459,165217,158795,6422,817
matmul_naive,15,6,1,17,3,markov,4,6.036,0.670,0.330,11.610,0.985,0.015,0,0,0,165217,162718,2499,817
matmul_naive,15,6,1,17,3,markov,16,6.036,0.670,0.330,11.610,0.985,0.015,0,0,0,165217,162718,2499,817
matmul_naive,15,6,1,17,3,markov,32,6.036,0.670,0.330,11.610,0.985,0.015,1,1,0,165217,162719,2498,817
matmul_naive,15,6,1,17,3,markov,64,6.036,0.670,0.330,11.610,0.985,0.015,1,1,0,165217,162719,2498,817
matmul_naive,15,6,1,17,3,markov,128,6.034,0.670,0.330,11.603,0.985,0.015,4,2,2,165217,162733,2484,817
matmul_naive,15,6,1,17,3,markov,256,6.033,0.670,0.330,11.601,0.985,0.015,6,5,1,165217,162736,2481,817
matmul_naive,15,6,1,17,3,markov,512,6.033,0.670,0.330,11.601,0.985,0.015,6,5,1,165217,162736,2481,817
matmul_naive,15,6,1,17,4,markov,4,6.301,0.670,0.330,12.410,0.985,0.015,0,0,0,165217,162718,2499,817
matmul_naive,15,6,1,17,4,markov,16,6.301,0.670,0.330,12.410,0.985,0.015,0,0,0,165217,162718,2499,817
matmul_naive,15,6,1,17,4,markov,32,6.301,0.670,0.330,12.410,0.985,0.015,1,1,0,165217,162719,2498,817
matmul_naive,15,6,1,17,4,markov,64,6.301,0.670,0.330,12.410,0.985,0.015,1,1,0,165217,162719,2498,817
matmul_naive,15,6,1,17,4,markov,128,6.298,0.670,0.330,12.403,0.985,0.015,4,2,2,165217,162733,2484,817
matmul_naive,15,6,1,17,4,markov,256,6.298,0.670,0.330,12.401,0.985,0.015,6,5,1,165217,162736,2481,817
matmul_naive,15,6,1,17,4,markov,512,6.298,0.670,0.330,12.401,0.985,0.015,6,5,1,165217,162736,2481,817
matmul_naive,15,6,2,16,3,markov,4,7.765,0.670,0.330,16.245,0.927,0.073,42,36,6,165142,153077,12065,805
matmul_naive,15,6,2,16,3,markov,16,6.842,0.670,0.330,13.449,0.962,0.038,683,627,56,165142,158848,6294,805
matmul_naive,15,6,2,16,3,markov,32,6.839,0.670,0.330,13.439,0.962,0.038,683,628,55,165142,158869,6273,805
matmul_naive,15,6,2,16,3,markov,64,6.851,0.670,0.330,13.475,0.962,0.038,763,552,211,165142,158794,6348,805
matmul_naive,15,6,2,16,3,markov,128,6.871,0.670,0.330,13.536,0.961,0.039,948,573,375,165142,158668,6474,805
matmul_naive,15,6,2,16,3,markov,256,6.877,0.670,0.330,13.555,0.961,0.039,1041,587,454,165142,158629,6513,805
matmul_naive,15,6,2,16,3,markov,512,6.831,0.670,0.330,13.416,0.962,0.038,1187,822,365,165142,158917,6225,805
matmul_naive,15,6,2,16,4,markov,4,7.877,0.670,0.330,16.583,0.933,0.067,9,9,0,165142,154031,11111,805
matmul_naive,15,6,2,16,4,markov,16,7.094,0.670,0.330,14.211,0.962,0.038,614,542,72,165142,158927,6215,805
matmul_naive,15,6,2,16,4,markov,32,7.084,0.670,0.330,14.181,0.963,0.037,611,538,73,165142,158989,6153,805
matmul_naive,15,6,2,16,4,markov,64,7.111,0.670,0.330,14.262,0.962,0.038,798,553,245,165142,158821,6321,805
matmul_naive,15,6,2,16,4,markov,128,7.112,0.670,0.330,14.267,0.962,0.038,946,573,373,165142,158810,6332,805
matmul_naive,15,6,2,16,4,markov,256,7.096,0.670,0.330,14.219,0.962,0.038,1176,813,363,165142,158910,6232,805
matmul_naive,15,6,2,16,4,markov,512,7.085,0.670,0.330,14.185,0.963,0.037,1276,839,437,165142,158981,6161,805
matmul_naive,15,6,2,17,3,markov,4,6.229,0.670,0.330,11.592,0.985,0.015,0,0,0,165142,162682,2460,805
matmul_naive,15,6,2,17,3,markov,16,6.229,0.670,0.330,11.592,0.985,0.015,0,0,0,165142,162682,2460,805
matmul_naive,15,6,2,17,3,markov,32,6.229,0.670,0.330,11.592,0.985,0.015,0,0,0,165142,162682,2460,805
matmul_naive,15,6,2,17,3,markov,64,6.229,0.670,0.330,11.592,0.985,0.015,0,0,0,165142,162682,2460,805
matmul_naive,15,6,2,17,3,markov,128,6.229,0.670,0.330,11.592,0.985,0.015,0,0,0,165142,162682,2460,805
matmul_naive,15,6,2,17,3,markov,256,6.229,0.670,0.330,11.592,0.985,0.015,0,0,0,165142,162682,2460,805
matmul_naive,15,6,2,17,3,markov,512,6.229,0.670,0.330,11.592,0.985,0.015,0,0,0,165142,162682,2460,805
matmul_naive,15,6,2,17,4,markov,4,6.493,0.670,0.330,12.392,0.985,0.015,0,0,0,165142,162681,2461,805
matmul_naive,15,6,2,17,4,markov,16,6.493,0.670,0.330,12.392,0.985,0.015,0,0,0,165142,162681,2461,805
matmul_naive,15,6,2,17,4,markov,32,6.493,0.670,0.330,12.392,0.985,0.015,0,0,0,165142,162681,2461,805
matmul_naive,15,6,2,17,4,markov,64,6.493,0.670,0.330,12.392,0.985,0.015,0,0,0,165142,162681,2461,805
matmul_naive,15,6,2,17,4,markov,128,6.493,0.670,0.330,12.392,0.985,0.015,0,0,0,165142,162681,2461,805
matmul_naive,15,6,2,17,4,markov,256,6.493,0.670,0.330,12.392,0.985,0.015,0,0,0,165142,162681,2461,805
matmul_naive,15,6,2,17,4,markov,512,6.493,0.670,0.330,12.392,0.985,0.015,0,0,0,165142,162681,2461,805
matmul_naive,15,6,3,16,3,markov,4,7.927,0.670,0.330,16.130,0.928,0.072,42,36,6,165113,153287,11826,791
matmul_naive,15,6,3,16,3,markov,16,7.037,0.670,0.330,13.435,0.962,0.038,677,617,60,165113,158849,6264,791
matmul_naive,15,6,3,16,3,markov,32,7.033,0.670,0.330,13.425,0.962,0.038,677,618,59,165113,158870,6243,791
matmul_naive,15,6,3,16,3,markov,64,7.041,0.670,0.330,13.447,0.962,0.038,767,546,221,165113,158824,6289,791
matmul_naive,15,6,3,16,3,markov,128,7.060,0.670,0.330,13.506,0.961,0.039,917,560,357,165113,158703,6410,791
matmul_naive,15,6,3,16,3,markov,256,7.064,0.670,0.330,13.518,0.961,0.039,1015,587,428,165113,158677,6436,791
matmul_naive,15,6,3,16,3,markov,512,7.023,0.670,0.330,13.393,0.963,0.037,1183,796,387,165113,158936,6177,791
matmul_naive,15,6,3,16,4,markov,4,8.006,0.670,0.330,16.371,0.935,0.065,9,9,0,165113,154441,10672,791
matmul_naive,15,6,3,16,4,markov,16,7.291,0.670,0.330,14.204,0.962,0.038,599,529,70,165113,158913,6200,791
matmul_naive,15,6,3,16,4,markov,32,7.281,0.670,0.330,14.174,0.963,0.037,596,525,71,165113,158975,6138,791
matmul_naive,15,6,3,16,4,markov,64,7.299,0.670,0.330,14.228,0.962,0.038,783,518,265,165113,158863,6250,791
matmul_naive,15,6,3,16,4,markov,128,7.312,0.670,0.330,14.269,0.962,0.038,948,561,387,165113,158779,6334,791
matmul_naive,15,6,3,16,4,markov,256,7.287,0.670,0.330,14.194,0.963,0.037,1175,780,395,165113,158933,6180,791
matmul_naive,15,6,3,16,4,markov,512,7.272,0.670,0.330,14.148,0.963,0.037,1252,808,444,165113,159029,6084,791
matmul_naive,15,6,3,17,3,markov,4,6.427,0.670,0.330,11.588,0.985,0.015,0,0,0,165113,162661,2452,791
matmul_naive,15,6,3,17,3,markov,16,6.427,0.670,0.330,11.588,0.985,0.015,0,0,0,165113,162661,2452,791
matmul_naive,15,6,3,17,3,markov,32,6.427,0.670,0.330,11.588,0.985,0.015,0,0,0,165113,162661,2452,791
matmul_naive,15,6,3,17,3,markov,64,6.427,0.670,0.330,11.588,0.985,0.015,0,0,0,165113,162661,2452,791
matmul_naive,15,6,3,17,3,markov,128,6.427,0.670,0.330,11.588,0.985,0.015,0,0,0,165113,162661,2452,791
matmul_naive,15,6,3,17,3,markov,256,6.427,0.670,0.330,11.588,0.985,0.015,0,0,0,165113,162661,2452,791
matmul_naive,15,6,3,17,3,markov,512,6.427,0.670,0.330,11.588,0.985,0.015,0,0,0,165113,162661,2452,791
matmul_naive,15,6,3,17,4,markov,4,6.691,0.670,0.330,12.388,0.985,0.015,0,0,0,165113,162661,2452,791
matmul_naive,15,6,3,17,4,markov,16,6.691,0.670,0.330,12.388,0.985,0.015,0,0,0,165113,162661,2452,791
matmul_naive,15,6,3,17,4,markov,32,6.691,0.670,0.330,12.388,0.985,0.015,0,0,0,165113,162661,2452,791
matmul_naive,15,6,3,17,4,markov,64,6.691,0.670,0.330,12.388,0.985,0.015,0,0,0,165113,162661,2452,791
matmul_naive,15,6,3,17,4,markov,128,6.691,0.670,0.330,12.388,0.985,0.015,0,0,0,165113,162661,2452,791
matmul_naive,15,6,3,17,4,markov,256,6.691,0.670,0.330,12.388,0.985,0.015,0,0,0,165113,162661,2452,791
matmul_naive,15,6,3,17,4,markov,512,6.691,0.670,0.330,12.388,0.985,0.015,0,0,0,165113,162661,2452,791
matmul_tiled,14,6,1,16,3,markov,4,2.602,0.993,0.007,56.335,0.426,0.574,0,0,0,3572,1521,2051,1303
matmul_tiled,14,6,1,16,3,markov,16,2.602,0.993,0.007,56.335,0.426,0.574,0,0,0,3572,1521,2051,1303
matmul_tiled,14,6,1,16,3,markov,32,2.597,0.993,0.007,55.618,0.435,0.565,8,6,1,3572,1553,2019,1303
matmul_tiled,14,6,1,16,3,markov,64,2.593,0.993,0.007,55.058,0.442,0.558,18,13,4,3572,1578,1994,1303
matmul_tiled,14,6,1,16,3,markov,128,2.590,0.993,0.007,54.588,0.448,0.552,26,17,6,3572,1599,1973,1303
matmul_tiled,14,6,1,16,3,markov,256,2.589,0.993,0.007,54.431,0.450,0.550,31,18,9,3572,1606,1966,1303
matmul_tiled,14,6,1,16,3,markov,512,2.588,0.993,0.007,54.297,0.451,0.549,34,21,9,3572,1612,1960,1303
matmul_tiled,14,6,1,16,4,markov,4,2.631,0.993,0.007,60.315,0.386,0.614,0,0,0,3572,1379,2193,1303
matmul_tiled,14,6,1,16,4,markov,16,2.631,0.993,0.007,60.315,0.386,0.614,0,0,0,3572,1379,2193,1303
matmul_tiled,14,6,1,16,4,markov,32,2.620,0.993,0.007,58.815,0.405,0.595,18,15,3,3572,1446,2126,1303
matmul_tiled,14,6,1,16,4,markov,64,2.611,0.993,0.007,57.561,0.420,0.580,49,43,6,3572,1502,2070,1303
matmul_tiled,14,6,1,16,4,markov,128,2.606,0.993,0.007,56.777,0.430,0.570,65,53,11,3572,1537,2035,1303
matmul_tiled,14,6,1,16,4,markov,256,2.603,0.993,0.007,56.396,0.435,0.565,76,60,15,3572,1554,2018,1303
matmul_tiled,14,6,1,16,4,markov,512,2.602,0.993,0.007,56.262,0.437,0.563,79,63,15,3572,1560,2012,1303
matmul_tiled,14,6,1,17,3,markov,4,2.558,0.993,0.007,50.176,0.503,0.497,0,0,0,3572,1796,1776,1303
matmul_tiled,14,6,1,17,3,markov,16,2.558,0.993,0.007,50.176,0.503,0.497,0,0,0,3572,1796,1776,1303
matmul_tiled,14,6,1,17,3,markov,32,2.558,0.993,0.007,50.176,0.503,0.497,0,0,0,3572,1796,1776,1303
matmul_tiled,14,6,1,17,3,markov,64,2.558,0.993,0.007,50.176,0.503,0.497,0,0,0,3572,1796,1776,1303
matmul_tiled,14,6,1,17,3,markov,128,2.558,0.993,0.007,50.176,0.503,0.497,0,0,0,3572,1796,1776,1303
matmul_tiled,14,6,1,17,3,markov,256,2.558,0.993,0.007,50.176,0.503,0.497,0,0,0,3572,1796,1776,1303
matmul_tiled,14,6,1,17,3,markov,512,2.558,0.993,0.007,50.176,0.503,0.497,0,0,0,3572,1796,1776,1303
matmul_tiled,14,6,1,17,4,markov,4,2.562,0.993,0.007,50.640,0.507,0.493,0,0,0,3572,1811,1761,1303
matmul_tiled,14,6,1,17,4,markov,16,2.562,0.993,0.007,50.640,0.507,0.493,0,0,0,3572,1811,1761,1303
matmul_tiled,14,6,1,17,4,markov,32,2.562,0.993,0.007,50.640,0.507,0.493,0,0,0,3572,1811,1761,1303
matmul_tiled,14,6,1,17,4,markov,64,2.562,0.993,0.007,50.640,0.507,0.493,0,0,0,3572,1811,1761,1303
matmul_tiled,14,6,1,17,4,markov,128,2.562,0.993,0.007,50.640,0.507,0.493,0,0,0,3572,1811,1761,1303
matmul_tiled,14,6,1,17,4,markov,256,2.562,0.993,0.007,50.640,0.507,0.493,0,0,0,3572,1811,1761,1303
matmul_tiled,14,6,1,17,4,markov,512,2.562,0.993,0.007,50.640,0.507,0.493,0,0,0,3572,1811,1761,1303
matmul_tiled,14,6,2,16,3,markov,4,2.793,0.993,0.007,55.978,0.430,0.570,0,0,0,3514,1512,2002,1399
matmul_tiled,14,6,2,16,3,markov,16,2.793,0.993,0.007,55.978,0.430,0.570,0,0,0,3514,1512,2002,1399
matmul_tiled,14,6,2,16,3,markov,32,2.785,0.993,0.007,54.748,0.446,0.554,22,22,0,3514,1566,1948,1399
matmul_tiled,14,6,2,16,3,markov,64,2.782,0.993,0.007,54.293,0.451,0.549,26,26,0,3514,1586,1928,1399
matmul_tiled,14,6,2,16,3,markov,128,2.779,0.993,0.007,53.974,0.455,0.545,35,33,2,3514,1600,1914,1399
matmul_tiled,14,6,2,16,3,markov,256,2.779,0.993,0.007,53.906,0.456,0.544,40,36,3,3514,1603,1911,1399
matmul_tiled,14,6,2,16,3,markov,512,2.779,0.993,0.007,53.883,0.456,0.544,43,37,4,3514,1604,1910,1399
matmul_tiled,14,6,2,16,4,markov,4,2.817,0.993,0.007,59.305,0.399,0.601,0,0,0,3514,1401,2113,1399
matmul_tiled,14,6,2,16,4,markov,16,2.817,0.993,0.007,59.305,0.399,0.601,0,0,0,3514,1401,2113,1399
matmul_tiled,14,6,2,16,4,markov,32,2.809,0.993,0.007,58.166,0.413,0.587,13,13,0,3514,1451,2063,1399
matmul_tiled,14,6,2,16,4,markov,64,2.795,0.993,0.007,56.140,0.438,0.562,44,44,0,3514,1540,1974,1399
matmul_tiled,14,6,2,16,4,markov,128,2.791,0.993,0.007,55.571,0.445,0.555,63,61,2,3514,1565,1949,1399
matmul_tiled,14,6,2,16,4,markov,256,2.790,0.993,0.007,55.480,0.446,0.554,68,64,3,3514,1569,1945,1399
matmul_tiled,14,6,2,16,4,markov,512,2.790,0.993,0.007,55.457,0.447,0.553,71,65,4,3514,1570,1944,1399
matmul_tiled,14,6,2,17,3,markov,4,2.756,0.993,0.007,50.605,0.497,0.503,0,0,0,3514,1748,1766,1399
matmul_tiled,14,6,2,17,3,markov,16,2.756,0.993,0.007,50.605,0.497,0.503,0,0,0,3514,1748,1766,1399
matmul_tiled,14,6,2,17,3,markov,32,2.756,0.993,0.007,50.605,0.497,0.503,0,0,0,3514,1748,1766,1399
matmul_tiled,14,6,2,17,3,markov,64,2.756,0.993,0.007,50.605,0.497,0.503,0,0,0,3514,1748,1766,1399
matmul_tiled,14,6,2,17,3,markov,128,2.756,0.993,0.007,50.605,0.497,0.503,0,0,0,3514,1748,1766,1399
matmul_tiled,14,6,2,17,3,markov,256,2.756,0.993,0.007,50.605,0.497,0.503,0,0,0,3514,1748,1766,1399
matmul_tiled,14,6,2,17,3,markov,512,2.756,0.993,0.007,50.605,0.497,0.503,0,0,0,3514,1748,1766,1399
matmul_tiled,14,6,2,17,4,markov,4,2.760,0.993,0.007,51.268,0.499,0.501,0,0,0,3514,1754,1760,1399
matmul_tiled,14,6,2,17,4,markov,16,2.760,0.993,0.007,51.268,0.499,0.501,0,0,0,3514,1754,1760,1399
matmul_tiled,14,6,2,17,4,markov,32,2.760,0.993,0.007,51.268,0.499,0.501,0,0,0,3514,1754,1760,1399
matmul_tiled,14,6,2,17,4,markov,64,2.760,0.993,0.007,51.268,0.499,0.501,0,0,0,3514,1754,1760,1399
matmul_tiled,14,6,2,17,4,markov,128,2.760,0.993,0.007,51.268,0.499,0.501,0,0,0,3514,1754,1760,1399
matmul_tiled,14,6,2,17,4,markov,256,2.760,0.993,0.007,51.268,0.499,0.501,0,0,0,3514,1754,1760,1399
matmul_tiled,14,6,2,17,4,markov,512,2.760,0.993,0.007,51.268,0.499,0.501,0,0,0,3514,1754,1760,1399
matmul_tiled,14,6,3,16,3,markov,4,3.010,0.993,0.007,56.859,0.419,0.581,0,0,0,3604,1511,2093,1508
matmul_tiled,14,6,3,16,3,markov,16,3.010,0.993,0.007,56.859,0.419,0.581,0,0,0,3604,1511,2093,1508
matmul_tiled,14,6,3,16,3,markov,32,2.993,0.993,0.007,54.551,0.448,0.552,17,17,0,3604,1615,1989,1508
matmul_tiled,14,6,3,16,3,markov,64,2.982,0.993,0.007,53.042,0.467,0.533,41,41,0,3604,1683,1921,1508
matmul_tiled,14,6,3,16,3,markov,128,2.980,0.993,0.007,52.775,0.470,0.530,46,46,0,3604,1695,1909,1508
matmul_tiled,14,6,3,16,3,markov,256,2.980,0.993,0.007,52.731,0.471,0.529,51,48,1,3604,1697,1907,1508
matmul_tiled,14,6,3,16,3,markov,512,2.980,0.993,0.007,52.731,0.471,0.529,54,48,2,3604,1697,1907,1508
matmul_tiled,14,6,3,16,4,markov,4,3.025,0.993,0.007,58.991,0.403,0.597,0,0,0,3604,1451,2153,1508
matmul_tiled,14,6,3,16,4,markov,16,3.025,0.993,0.007,58.991,0.403,0.597,0,0,0,3604,1451,2153,1508
matmul_tiled,14,6,3,16,4,markov,32,3.010,0.993,0.007,56.816,0.430,0.570,14,14,0,3604,1549,2055,1508
matmul_tiled,14,6,3,16,4,markov,64,2.992,0.993,0.007,54.441,0.459,0.541,50,50,0,3604,1656,1948,1508
matmul_tiled,14,6,3,16,4,markov,128,2.990,0.993,0.007,54.086,0.464,0.536,60,60,0,3604,1672,1932,1508
matmul_tiled,14,6,3,16,4,markov,256,2.990,0.993,0.007,54.041,0.464,0.536,65,62,2,3604,1674,1930,1508
matmul_tiled,14,6,3,16,4,markov,512,2.990,0.993,0.007,54.041,0.464,0.536,68,62,3,3604,1674,1930,1508
matmul_tiled,14,6,3,17,3,markov,4,2.957,0.993,0.007,49.512,0.511,0.489,0,0,0,3604,1842,1762,1508
matmul_tiled,14,6,3,17,3,markov,16,2.957,0.993,0.007,49.512,0.511,0.489,0,0,0,3604,1842,1762,1508
matmul_tiled,14,6,3,17,3,markov,32,2.957,0.993,0.007,49.512,0.511,0.489,0,0,0,3604,1842,1762,1508
matmul_tiled,14,6,3,17,3,markov,64,2.957,0.993,0.007,49.512,0.511,0.489,0,0,0,3604,1842,1762,1508
matmul_tiled,14,6,3,17,3,markov,128,2.957,0.993,0.007,49.512,0.511,0.489,0,0,0,3604,1842,1762,1508
matmul_tiled,14,6,3,17,3,markov,256,2.957,0.993,0.007,49.512,0.511,0.489,0,0,0,3604,1842,1762,1508
matmul_tiled,14,6,3,17,3,markov,512,2.957,0.993,0.007,49.512,0.511,0.489,0,0,0,3604,1842,1762,1508
matmul_tiled,14,6,3,17,4,markov,4,2.962,0.993,0.007,50.246,0.512,0.488,0,0,0,3604,1845,1759,1508
matmul_tiled,14,6,3,17,4,markov,16,2.962,0.993,0.007,50.246,0.512,0.488,0,0,0,3604,1845,1759,1508
matmul_tiled,14,6,3,17,4,markov,32,2.962,0.993,0.007,50.246,0.512,0.488,0,0,0,3604,1845,1759,1508
matmul_tiled,14,6,3,17,4,markov,64,2.962,0.993,0.007,50.246,0.512,0.488,0,0,0,3604,1845,1759,1508
matmul_tiled,14,6,3,17,4,markov,128,2.962,0.993,0.007,50.246,0.512,0.488,0,0,0,3604,1845,1759,1508
matmul_tiled,14,6,3,17,4,markov,256,2.962,0.993,0.007,50.246,0.512,0.488,0,0,0,3604,1845,1759,1508
matmul_tiled,14,6,3,17,4,markov,512,2.962,0.993,0.007,50.246,0.512,0.488,0,0,0,3604,1845,1759,1508
matmul_tiled,15,6,1,16,3,markov,4,2.538,0.996,0.004,79.814,0.132,0.868,0,0,0,2116,280,1836,307
matmul_tiled,15,6,1,16,3,markov,16,2.538,0.996,0.004,79.814,0.132,0.868,1,0,1,2116,280,1836,307
matmul_tiled,15,6,1,16,3,markov,32,2.538,0.996,0.004,79.814,0.132,0.868,1,0,0,2116,280,1836,307
matmul_tiled,15,6,1,16,3,markov,64,2.538,0.996,0.004,79.814,0.132,0.868,2,0,1,2116,280,1836,307
matmul_tiled,15,6,1,16,3,markov,128,2.536,0.996,0.004,79.512,0.136,0.864,3,2,1,2116,288,1828,307
matmul_tiled,15,6,1,16,3,markov,256,2.536,0.996,0.004,79.398,0.138,0.862,7,4,2,2116,291,1825,307
matmul_tiled,15,6,1,16,3,markov,512,2.536,0.996,0.004,79.398,0.138,0.862,7,4,2,2116,291,1825,307
matmul_tiled,15,6,1,16,4,markov,4,2.541,0.996,0.004,80.614,0.132,0.868,0,0,0,2116,280,1836,307
matmul_tiled,15,6,1,16,4,markov,16,2.541,0.996,0.004,80.614,0.132,0.868,1,0,1,2116,280,1836,307
matmul_tiled,15,6,1,16,4,markov,32,2.541,0.996,0.004,80.614,0.132,0.868,1,0,1,2116,280,1836,307
matmul_tiled,15,6,1,16,4,markov,64,2.541,0.996,0.004,80.614,0.132,0.868,2,0,2,2116,280,1836,307
matmul_tiled,15,6,1,16,4,markov,128,2.540,0.996,0.004,80.312,0.136,0.864,3,2,1,2116,288,1828,307
matmul_tiled,15,6,1,16,4,markov,256,2.539,0.996,0.004,80.198,0.138,0.862,7,4,3,2116,291,1825,307
matmul_tiled,15,6,1,16,4,markov,512,2.539,0.996,0.004,80.198,0.138,0.862,7,4,3,2116,291,1825,307
matmul_tiled,15,6,1,17,3,markov,4,2.528,0.996,0.004,77.508,0.161,0.839,0,0,0,2116,341,1775,307
matmul_tiled,15,6,1,17,3,markov,16,2.528,0.996,0.004,77.508,0.161,0.839,0,0,0,2116,341,1775,307
matmul_tiled,15,6,1,17,3,markov,32,2.528,0.996,0.004,77.508,0.161,0.839,0,0,0,2116,341,1775,307
matmul_tiled,15,6,1,17,3,markov,64,2.528,0.996,0.004,77.508,0.161,0.839,0,0,0,2116,341,1775,307
matmul_tiled,15,6,1,17,3,markov,128,2.528,0.996,0.004,77.508,0.161,0.839,0,0,0,2116,341,1775,307
matmul_tiled,15,6,1,17,3,markov,256,2.528,0.996,0.004,77.508,0.161,0.839,1,0,1,2116,341,1775,307
matmul_tiled,15,6,1,17,3,markov,512,2.528,0.996,0.004,77.508,0.161,0.839,1,0,1,2116,341,1775,307
matmul_tiled,15,6,1,17,4,markov,4,2.529,0.996,0.004,77.741,0.168,0.832,0,0,0,2116,356,1760,307
matmul_tiled,15,6,1,17,4,markov,16,2.529,0.996,0.004,77.741,0.168,0.832,0,0,0,2116,356,1760,307
matmul_tiled,15,6,1,17,4,markov,32,2.529,0.996,0.004,77.741,0.168,0.832,0,0,0,2116,356,1760,307
matmul_tiled,15,6,1,17,4,markov,64,2.529,0.996,0.004,77.741,0.168,0.832,0,0,0,2116,356,1760,307
matmul_tiled,15,6,1,17,4,markov,128,2.529,0.996,0.004,77.741,0.168,0.832,0,0,0,2116,356,1760,307
matmul_tiled,15,6,1,17,4,markov,256,2.529,0.996,0.004,77.741,0.168,0.832,0,0,0,2116,356,1760,307
matmul_tiled,15,6,1,17,4,markov,512,2.529,0.996,0.004,77.741,0.168,0.832,0,0,0,2116,356,1760,307
matmul_tiled,15,6,2,16,3,markov,4,2.725,0.996,0.004,80.286,0.126,0.874,0,0,0,2025,256,1769,321
matmul_tiled,15,6,2,16,3,markov,16,2.725,0.996,0.004,80.286,0.126,0.874,0,0,0,2025,256,1769,321
matmul_tiled,15,6,2,16,3,markov,32,2.725,0.996,0.004,80.286,0.126,0.874,0,0,0,2025,256,1769,321
matmul_tiled,15,6,2,16,3,markov,64,2.725,0.996,0.004,80.286,0.126,0.874,0,0,0,2025,256,1769,321
matmul_tiled,15,6,2,16,3,markov,128,2.725,0.996,0.004,80.286,0.126,0.874,0,0,0,2025,256,1769,321
matmul_tiled,15,6,2,16,3,markov,256,2.725,0.996,0.004,80.286,0.126,0.874,0,0,0,2025,256,1769,321
matmul_tiled,15,6,2,16,3,markov,512,2.725,0.996,0.004,80.286,0.126,0.874,0,0,0,2025,256,1769,321
matmul_tiled,15,6,2,16,4,markov,4,2.728,0.996,0.004,81.086,0.126,0.874,0,0,0,2025,256,1769,321
matmul_tiled,15,6,2,16,4,markov,16,2.728,0.996,0.004,81.086,0.126,0.874,0,0,0,2025,256,1769,321
matmul_tiled,15,6,2,16,4,markov,32,2.728,0.996,0.004,81.086,0.126,0.874,0,0,0,2025,256,1769,321
matmul_tiled,15,6,2,16,4,markov,64,2.728,0.996,0.004,81.086,0.126,0.874,0,0,0,2025,256,1769,321
matmul_tiled,15,6,2,16,4,markov,128,2.728,0.996,0.004,81.086,0.126,0.874,0,0,0,2025,256,1769,321
matmul_tiled,15,6,2,16,4,markov,256,2.728,0.996,0.004,81.086,0.126,0.874,0,0,0,2025,256,1769,321
matmul_tiled,15,6,2,16,4,markov,512,2.728,0.996,0.004,81.086,0.126,0.874,0,0,0,2025,256,1769,321
matmul_tiled,15,6,2,17,3,markov,4,2.724,0.996,0.004,79.931,0.131,0.869,0,0,0,2025,265,1760,321
matmul_tiled,15,6,2,17,3,markov,16,2.724,0.996,0.004,79.931,0.131,0.869,0,0,0,2025,265,1760,321
matmul_tiled,15,6,2,17,3,markov,32,2.724,0.996,0.004,79.931,0.131,0.869,0,0,0,2025,265,1760,321
matmul_tiled,15,6,2,17,3,markov,64,2.724,0.996,0.004,79.931,0.131,0.869,0,0,0,2025,265,1760,321
matmul_tiled,15,6,2,17,3,markov,128,2.724,0.996,0.004,79.931,0.131,0.869,0,0,0,2025,265,1760,321
matmul_tiled,15,6,2,17,3,markov,256,2.724,0.996,0.004,79.931,0.131,0.869,0,0,0,2025,265,1760,321
matmul_tiled,15,6,2,17,3,markov,512,2.724,0.996,0.004,79.931,0.131,0.869,0,0,0,2025,265,1760,321
matmul_tiled,15,6,2,17,4,markov,4,2.727,0.996,0.004,80.691,0.131,0.869,0,0,0,2025,266,1759,321
matmul_tiled,15,6,2,17,4,markov,16,2.727,0.996,0.004,80.691,0.131,0.869,0,0,0,2025,266,1759,321
matmul_tiled,15,6,2,17,4,markov,32,2.727,0.996,0.004,80.691,0.131,0.869,0,0,0,2025,266,1759,321
matmul_tiled,15,6,2,17,4,markov,64,2.727,0.996,0.004,80.691,0.131,0.869,0,0,0,2025,266,1759,321
matmul_tiled,15,6,2,17,4,markov,128,2.727,0.996,0.004,80.691,0.131,0.869,0,0,0,2025,266,1759,321
matmul_tiled,15,6,2,17,4,markov,256,2.727,0.996,0.004,80.691,0.131,0.869,0,0,0,2025,266,1759,321
matmul_tiled,15,6,2,17,4,markov,512,2.727,0.996,0.004,80.691,0.131,0.869,0,0,0,2025,266,1759,321
matmul_tiled,15,6,3,16,3,markov,4,2.924,0.996,0.004,79.420,0.137,0.863,0,0,0,2040,280,1760,353
matmul_tiled,15,6,3,16,3,markov,16,2.924,0.996,0.004,79.420,0.137,0.863,0,0,0,2040,280,1760,353
matmul_tiled,15,6,3,16,3,markov,32,2.924,0.996,0.004,79.420,0.137,0.863,0,0,0,2040,280,1760,353
matmul_tiled,15,6,3,16,3,markov,64,2.924,0.996,0.004,79.420,0.137,0.863,0,0,0,2040,280,1760,353
matmul_tiled,15,6,3,16,3,markov,128,2.924,0.996,0.004,79.420,0.137,0.863,0,0,0,2040,280,1760,353
matmul_tiled,15,6,3,16,3,markov,256,2.924,0.996,0.004,79.420,0.137,0.863,0,0,0,2040,280,1760,353
matmul_tiled,15,6,3,16,3,markov,512,2.924,0.996,0.004,79.420,0.137,0.863,0,0,0,2040,280,1760,353
matmul_tiled,15,6,3,16,4,markov,4,2.927,0.996,0.004,80.220,0.137,0.863,0,0,0,2040,280,1760,353
matmul_tiled,15,6,3,16,4,markov,16,2.927,0.996,0.004,80.220,0.137,0.863,0,0,0,2040,280,1760,353
matmul_tiled,15,6,3,16,4,markov,32,2.927,0.996,0.004,80.220,0.137,0.863,0,0,0,2040,280,1760,353
matmul_tiled,15,6,3,16,4,markov,64,2.927,0.996,0.004,80.220,0.137,0.863,0,0,0,2040,280,1760,353
matmul_tiled,15,6,3,16,4,markov,128,2.927,0.996,0.004,80.220,0.137,0.863,0,0,0,2040,280,1760,353
matmul_tiled,15,6,3,16,4,markov,256,2.927,0.996,0.004,80.220,0.137,0.863,0,0,0,2040,280,1760,353
matmul_tiled,15,6,3,16,4,markov,512,2.927,0.996,0.004,80.220,0.137,0.863,0,0,0,2040,280,1760,353
matmul_tiled,15,6,3,17,3,markov,4,2.924,0.996,0.004,79.380,0.138,0.862,0,0,0,2040,281,1759,353
matmul_tiled,15,6,3,17,3,markov,16,2.924,0.996,0.004,79.380,0.138,0.862,0,0,0,2040,281,1759,353
matmul_tiled,15,6,3,17,3,markov,32,2.924,0.996,0.004,79.380,0.138,0.862,0,0,0,2040,281,1759,353
matmul_tiled,15,6,3,17,3,markov,64,2.924,0.996,0.004,79.380,0.138,0.862,0,0,0,2040,281,1759,353
matmul_tiled,15,6,3,17,3,markov,128,2.924,0.996,0.004,79.380,0.138,0.862,0,0,0,2040,281,1759,353
matmul_tiled,15,6,3,17,3,markov,256,2.924,0.996,0.004,79.380,0.138,0.862,0,0,0,2040,281,1759,353
matmul_tiled,15,6,3,17,3,markov,512,2.924,0.996,0.004,79.380,0.138,0.862,0,0,0,2040,281,1759,353
matmul_tiled,15,6,3,17,4,markov,4,2.927,0.996,0.004,80.180,0.138,0.862,0,0,0,2040,281,1759,353
matmul_tiled,15,6,3,17,4,markov,16,2.927,0.996,0.004,80.180,0.138,0.862,0,0,0,2040,281,1759,353
matmul_tiled,15,6,3,17,4,markov,32,2.927,0.996,0.004,80.180,0.138,0.862,0,0,0,2040,281,1759,353
matmul_tiled,15,6,3,17,4,markov,64,2.927,0.996,0.004,80.180,0.138,0.862,0,0,0,2040,281,1759,353
matmul_tiled,15,6,3,17,4,markov,128,2.927,0.996,0.004,80.180,0.138,0.862,0,0,0,2040,281,1759,353
matmul_tiled,15,6,3,17,4,markov,256,2.927,0.996,0.004,80.180,0.138,0.862,0,0,0,2040,281,1759,353
matmul_tiled,15,6,3,17,4,markov,512,2.927,0.996,0.004,80.180,0.138,0.862,0,0,0,2040,281,1759,353
mcf,14,6,1,16,3,markov,4,2.518,0.993,0.007,45.797,0.558,0.442,0,0,0,3476,1938,1538,1653
mcf,14,6,1,16,3,markov,16,2.518,0.993,0.007,45.797,0.558,0.442,0,0,0,3476,1938,1538,1653
mcf,14,6,1,16,3,markov,32,2.518,0.993,0.007,45.797,0.558,0.442,0,0,0,3476,1938,1538,1653
mcf,14,6,1,16,3,markov,64,2.518,0.993,0.007,45.797,0.558,0.442,0,0,0,3476,1938,1538,1653
mcf,14,6,1,16,3,markov,128,2.517,0.993,0.007,45.636,0.560,0.440,44,8,25,3476,1945,1531,1653
mcf,14,6,1,16,3,markov,256,2.517,0.993,0.007,45.636,0.560,0.440,46,8,25,3476,1945,1531,1653
mcf,14,6,1,16,3,markov,512,2.517,0.993,0.007,45.636,0.560,0.440,47,8,26,3476,1945,1531,1653
mcf,14,6,1,16,4,markov,4,2.519,0.993,0.007,45.814,0.567,0.433,0,0,0,3476,1972,1504,1653
mcf,14,6,1,16,4,markov,16,2.519,0.993,0.007,45.814,0.567,0.433,0,0,0,3476,1972,1504,1653
mcf,14,6,1,16,4,markov,32,2.519,0.993,0.007,45.814,0.567,0.433,0,0,0,3476,1972,1504,1653
mcf,14,6,1,16,4,markov,64,2.519,0.993,0.007,45.814,0.567,0.433,0,0,0,3476,1972,1504,1653
mcf,14,6,1,16,4,markov,128,2.517,0.993,0.007,45.653,0.569,0.431,36,7,20,3476,1979,1497,1653
mcf,14,6,1,16,4,markov,256,2.517,0.993,0.007,45.653,0.569,0.431,38,7,22,3476,1979,1497,1653
mcf,14,6,1,16,4,markov,512,2.517,0.993,0.007,45.653,0.569,0.431,39,7,23,3476,1979,1497,1653
mcf,14,6,1,17,3,markov,4,2.493,0.993,0.007,42.092,0.604,0.396,0,0,0,3476,2099,1377,1653
mcf,14,6,1,17,3,markov,16,2.493,0.993,0.007,42.092,0.604,0.396,0,0,0,3476,2099,1377,1653
mcf,14,6,1,17,3,markov,32,2.493,0.993,0.007,42.092,0.604,0.396,0,0,0,3476,2099,1377,1653
mcf,14,6,1,17,3,markov,64,2.493,0.993,0.007,42.092,0.604,0.396,0,0,0,3476,2099,1377,1653
mcf,14,6,1,17,3,markov,128,2.493,0.993,0.007,42.092,0.604,0.396,0,0,0,3476,2099,1377,1653
mcf,14,6,1,17,3,markov,256,2.493,0.993,0.007,42.092,0.604,0.396,0,0,0,3476,2099,1377,1653
mcf,14,6,1,17,3,markov,512,2.493,0.993,0.007,42.092,0.604,0.396,0,0,0,3476,2099,1377,1653
mcf,14,6,1,17,4,markov,4,2.497,0.993,0.007,42.777,0.605,0.395,0,0,0,3476,2104,1372,1653
mcf,14,6,1,17,4,markov,16,2.497,0.993,0.007,42.777,0.605,0.395,0,0,0,3476,2104,1372,1653
mcf,14,6,1,17,4,markov,32,2.497,0.993,0.007,42.777,0.605,0.395,0,0,0,3476,2104,1372,1653
mcf,14,6,1,17,4,markov,64,2.497,0.993,0.007,42.777,0.605,0.395,0,0,0,3476,2104,1372,1653
mcf,14,6,1,17,4,markov,128,2.497,0.993,0.007,42.777,0.605,0.395,0,0,0,3476,2104,1372,1653
mcf,14,6,1,17,4,markov,256,2.497,0.993,0.007,42.777,0.605,0.395,0,0,0,3476,2104,1372,1653
mcf,14,6,1,17,4,markov,512,2.497,0.993,0.007,42.777,0.605,0.395,0,0,0,3476,2104,1372,1653
mcf,14,6,2,16,3,markov,4,2.673,0.996,0.004,73.726,0.208,0.792,0,0,0,1852,386,1466,1341
mcf,14,6,2,16,3,markov,16,2.673,0.996,0.004,73.726,0.208,0.792,0,0,0,1852,386,1466,1341
mcf,14,6,2,16,3,markov,32,2.673,0.996,0.004,73.726,0.208,0.792,0,0,0,1852,386,1466,1341
mcf,14,6,2,16,3,markov,64,2.673,0.996,0.004,73.683,0.209,0.791,1,1,0,1852,387,1465,1341
mcf,14,6,2,16,3,markov,128,2.673,0.996,0.004,73.597,0.210,0.790,16,3,9,1852,389,1463,1341
mcf,14,6,2,16,3,markov,256,2.673,0.996,0.004,73.597,0.210,0.790,17,3,9,1852,389,1463,1341
mcf,14,6,2,16,3,markov,512,2.673,0.996,0.004,73.597,0.210,0.790,18,3,9,1852,389,1463,1341
mcf,14,6,2,16,4,markov,4,2.675,0.996,0.004,74.181,0.213,0.787,0,0,0,1852,394,1458,1341
mcf,14,6,2,16,4,markov,16,2.675,0.996,0.004,74.181,0.213,0.787,0,0,0,1852,394,1458,1341
mcf,14,6,2,16,4,markov,32,2.675,0.996,0.004,74.181,0.213,0.787,0,0,0,1852,394,1458,1341
mcf,14,6,2,16,4,markov,64,2.675,0.996,0.004,74.181,0.213,0.787,1,0,1,1852,394,1458,1341
mcf,14,6,2,16,4,markov,128,2.674,0.996,0.004,74.051,0.214,0.786,18,3,13,1852,397,1455,1341
mcf,14,6,2,16,4,markov,256,2.674,0.996,0.004,74.051,0.214,0.786,20,3,15,1852,397,1455,1341
mcf,14,6,2,16,4,markov,512,2.674,0.996,0.004,74.051,0.214,0.786,20,3,15,1852,397,1455,1341
mcf,14,6,2,17,3,markov,4,2.659,0.996,0.004,69.925,0.256,0.744,0,0,0,1852,474,1378,1341
mcf,14,6,2,17,3,markov,16,2.659,0.996,0.004,69.925,0.256,0.744,0,0,0,1852,474,1378,1341
mcf,14,6,2,17,3,markov,32,2.659,0.996,0.004,69.925,0.256,0.744,0,0,0,1852,474,1378,1341
mcf,14,6,2,17,3,markov,64,2.659,0.996,0.004,69.925,0.256,0.744,0,0,0,1852,474,1378,1341
mcf,14,6,2,17,3,markov,128,2.659,0.996,0.004,69.925,0.256,0.744,0,0,0,1852,474,1378,1341
mcf,14,6,2,17,3,markov,256,2.659,0.996,0.004,69.925,0.256,0.744,0,0,0,1852,474,1378,1341
mcf,14,6,2,17,3,markov,512,2.659,0.996,0.004,69.925,0.256,0.744,0,0,0,1852,474,1378,1341
mcf,14,6,2,17,4,markov,4,2.661,0.996,0.004,70.466,0.259,0.741,0,0,0,1852,480,1372,1341
mcf,14,6,2,17,4,markov,16,2.661,0.996,0.004,70.466,0.259,0.741,0,0,0,1852,480,1372,1341
mcf,14,6,2,17,4,markov,32,2.661,0.996,0.004,70.466,0.259,0.741,0,0,0,1852,480,1372,1341
mcf,14,6,2,17,4,markov,64,2.661,0.996,0.004,70.466,0.259,0.741,0,0,0,1852,480,1372,1341
mcf,14,6,2,17,4,markov,128,2.661,0.996,0.004,70.466,0.259,0.741,0,0,0,1852,480,1372,1341
mcf,14,6,2,17,4,markov,256,2.661,0.996,0.004,70.466,0.259,0.741,0,0,0,1852,480,1372,1341
mcf,14,6,2,17,4,markov,512,2.661,0.996,0.004,70.466,0.259,0.741,0,0,0,1852,480,1372,1341
mcf,14,6,3,16,3,markov,4,2.858,0.997,0.003,82.693,0.096,0.904,0,0,0,1557,150,1407,1166
mcf,14,6,3,16,3,markov,16,2.858,0.997,0.003,82.693,0.096,0.904,0,0,0,1557,150,1407,1166
mcf,14,6,3,16,3,markov,32,2.858,0.997,0.003,82.693,0.096,0.904,0,0,0,1557,150,1407,1166
mcf,14,6,3,16,3,markov,64,2.857,0.997,0.003,82.641,0.097,0.903,1,1,0,1557,151,1406,1166
mcf,14,6,3,16,3,markov,128,2.857,0.997,0.003,82.590,0.098,0.902,2,2,0,1557,152,1405,1166
mcf,14,6,3,16,3,markov,256,2.857,0.997,0.003,82.590,0.098,0.902,4,2,1,1557,152,1405,1166
mcf,14,6,3,16,3,markov,512,2.857,0.997,0.003,82.590,0.098,0.902,4,2,1,1557,152,1405,1166
mcf,14,6,3,16,4,markov,4,2.859,0.997,0.003,83.133,0.101,0.899,0,0,0,1557,157,1400,1166
mcf,14,6,3,16,4,markov,16,2.859,0.997,0.003,83.133,0.101,0.899,0,0,0,1557,157,1400,1166
mcf,14,6,3,16,4,markov,32,2.859,0.997,0.003,83.133,0.101,0.899,0,0,0,1557,157,1400,1166
mcf,14,6,3,16,4,markov,64,2.859,0.997,0.003,83.133,0.101,0.899,0,0,0,1557,157,1400,1166
mcf,14,6,3,16,4,markov,128,2.859,0.997,0.003,83.082,0.101,0.899,2,1,1,1557,158,1399,1166
mcf,14,6,3,16,4,markov,256,2.859,0.997,0.003,83.082,0.101,0.899,5,1,4,1557,158,1399,1166
mcf,14,6,3,16,4,markov,512,2.859,0.997,0.003,83.082,0.101,0.899,5,1,4,1557,158,1399,1166
mcf,14,6,3,17,3,markov,4,2.852,0.997,0.003,80.895,0.119,0.881,0,0,0,1557,185,1372,1166
mcf,14,6,3,17,3,markov,16,2.852,0.997,0.003,80.895,0.119,0.881,0,0,0,1557,185,1372,1166
mcf,14,6,3,17,3,markov,32,2.852,0.997,0.003,80.895,0.119,0.881,0,0,0,1557,185,1372,1166
mcf,14,6,3,17,3,markov,64,2.852,0.997,0.003,80.895,0.119,0.881,0,0,0,1557,185,1372,1166
mcf,14,6,3,17,3,markov,128,2.852,0.997,0.003,80.895,0.119,0.881,0,0,0,1557,185,1372,1166
mcf,14,6,3,17,3,markov,256,2.852,0.997,0.003,80.895,0.119,0.881,0,0,0,1557,185,1372,1166
mcf,14,6,3,17,3,markov,512,2.852,0.997,0.003,80.895,0.119,0.881,0,0,0,1557,185,1372,1166
mcf,14,6,3,17,4,markov,4,2.854,0.997,0.003,81.643,0.119,0.881,0,0,0,1557,186,1371,1166
mcf,14,6,3,17,4,markov,16,2.854,0.997,0.003,81.643,0.119,0.881,0,0,0,1557,186,1371,1166
mcf,14,6,3,17,4,markov,32,2.854,0.997,0.003,81.643,0.119,0.881,0,0,0,1557,186,1371,1166
mcf,14,6,3,17,4,markov,64,2.854,0.997,0.003,81.643,0.119,0.881,0,0,0,1557,186,1371,1166
mcf,14,6,3,17,4,markov,128,2.854,0.997,0.003,81.643,0.119,0.881,0,0,0,1557,186,1371,1166
mcf,14,6,3,17,4,markov,256,2.854,0.997,0.003,81.643,0.119,0.881,0,0,0,1557,186,1371,1166
mcf,14,6,3,17,4,markov,512,2.854,0.997,0.003,81.643,0.119,0.881,0,0,0,1557,186,1371,1166
mcf,15,6,1,16,3,markov,4,2.479,0.996,0.004,71.195,0.240,0.760,0,0,0,1962,471,1491,1292
mcf,15,6,1,16,3,markov,16,2.479,0.996,0.004,71.195,0.240,0.760,0,0,0,1962,471,1491,1292
mcf,15,6,1,16,3,markov,32,2.479,0.996,0.004,71.195,0.240,0.760,0,0,0,1962,471,1491,1292
mcf,15,6,1,16,3,markov,64,2.479,0.996,0.004,71.195,0.240,0.760,0,0,0,1962,471,1491,1292
mcf,15,6,1,16,3,markov,128,2.478,0.996,0.004,70.950,0.243,0.757,25,7,12,1962,477,1485,1292
mcf,15,6,1,16,3,markov,256,2.478,0.996,0.004,70.950,0.243,0.757,25,7,12,1962,477,1485,1292
mcf,15,6,1,16,3,markov,512,2.478,0.996,0.004,70.950,0.243,0.757,25,7,12,1962,477,1485,1292
mcf,15,6,1,16,4,markov,4,2.480,0.996,0.004,71.383,0.248,0.752,0,0,0,1962,486,1476,1292
mcf,15,6,1,16,4,markov,16,2.480,0.996,0.004,71.383,0.248,0.752,0,0,0,1962,486,1476,1292
mcf,15,6,1,16,4,markov,32,2.480,0.996,0.004,71.383,0.248,0.752,0,0,0,1962,486,1476,1292
mcf,15,6,1,16,4,markov,64,2.480,0.996,0.004,71.383,0.248,0.752,0,0,0,1962,486,1476,1292
mcf,15,6,1,16,4,markov,128,2.479,0.996,0.004,71.139,0.251,0.749,21,6,11,1962,492,1470,1292
mcf,15,6,1,16,4,markov,256,2.479,0.996,0.004,71.139,0.251,0.749,21,6,11,1962,492,1470,1292
mcf,15,6,1,16,4,markov,512,2.479,0.996,0.004,71.139,0.251,0.749,21,6,11,1962,492,1470,1292
mcf,15,6,1,17,3,markov,4,2.461,0.996,0.004,66.506,0.299,0.701,0,0,0,1962,586,1376,1292
mcf,15,6,1,17,3,markov,16,2.461,0.996,0.004,66.506,0.299,0.701,0,0,0,1962,586,1376,1292
mcf,15,6,1,17,3,markov,32,2.461,0.996,0.004,66.506,0.299,0.701,0,0,0,1962,586,1376,1292
mcf,15,6,1,17,3,markov,64,2.461,0.996,0.004,66.506,0.299,0.701,0,0,0,1962,586,1376,1292
mcf,15,6,1,17,3,markov,128,2.461,0.996,0.004,66.506,0.299,0.701,0,0,0,1962,586,1376,1292
mcf,15,6,1,17,3,markov,256,2.461,0.996,0.004,66.506,0.299,0.701,0,0,0,1962,586,1376,1292
mcf,15,6,1,17,3,markov,512,2.461,0.996,0.004,66.506,0.299,0.701,0,0,0,1962,586,1376,1292
mcf,15,6,1,17,4,markov,4,2.463,0.996,0.004,67.102,0.301,0.699,0,0,0,1962,591,1371,1292
mcf,15,6,1,17,4,markov,16,2.463,0.996,0.004,67.102,0.301,0.699,0,0,0,1962,591,1371,1292
mcf,15,6,1,17,4,markov,32,2.463,0.996,0.004,67.102,0.301,0.699,0,0,0,1962,591,1371,1292
mcf,15,6,1,17,4,markov,64,2.463,0.996,0.004,67.102,0.301,0.699,0,0,0,1962,591,1371,1292
mcf,15,6,1,17,4,markov,128,2.463,0.996,0.004,67.102,0.301,0.699,0,0,0,1962,591,1371,1292
mcf,15,6,1,17,4,markov,256,2.463,0.996,0.004,67.102,0.301,0.699,0,0,0,1962,591,1371,1292
mcf,15,6,1,17,4,markov,512,2.463,0.996,0.004,67.102,0.301,0.699,0,0,0,1962,591,1371,1292
mcf,15,6,2,16,3,markov,4,2.656,0.997,0.003,84.527,0.073,0.927,0,0,0,1512,111,1401,919
mcf,15,6,2,16,3,markov,16,2.656,0.997,0.003,84.527,0.073,0.927,0,0,0,1512,111,1401,919
mcf,15,6,2,16,3,markov,32,2.656,0.997,0.003,84.527,0.073,0.927,0,0,0,1512,111,1401,919
mcf,15,6,2,16,3,markov,64,2.655,0.997,0.003,84.474,0.074,0.926,2,1,1,1512,112,1400,919
mcf,15,6,2,16,3,markov,128,2.655,0.997,0.003,84.474,0.074,0.926,6,1,4,1512,112,1400,919
mcf,15,6,2,16,3,markov,256,2.655,0.997,0.003,84.474,0.074,0.926,7,1,4,1512,112,1400,919
mcf,15,6,2,16,3,markov,512,2.655,0.997,0.003,84.474,0.074,0.926,7,1,4,1512,112,1400,919
mcf,15,6,2,16,4,markov,4,2.657,0.997,0.003,85.115,0.076,0.924,0,0,0,1512,115,1397,919
mcf,15,6,2,16,4,markov,16,2.657,0.997,0.003,85.115,0.076,0.924,0,0,0,1512,115,1397,919
mcf,15,6,2,16,4,markov,32,2.657,0.997,0.003,85.115,0.076,0.924,0,0,0,1512,115,1397,919
mcf,15,6,2,16,4,markov,64,2.657,0.997,0.003,85.115,0.076,0.924,1,0,1,1512,115,1397,919
mcf,15,6,2,16,4,markov,128,2.657,0.997,0.003,85.115,0.076,0.924,3,0,2,1512,115,1397,919
mcf,15,6,2,16,4,markov,256,2.657,0.997,0.003,85.115,0.076,0.924,4,0,3,1512,115,1397,919
mcf,15,6,2,16,4,markov,512,2.657,0.997,0.003,85.115,0.076,0.924,4,0,3,1512,115,1397,919
mcf,15,6,2,17,3,markov,4,2.651,0.997,0.003,82.993,0.093,0.907,0,0,0,1512,140,1372,919
mcf,15,6,2,17,3,markov,16,2.651,0.997,0.003,82.993,0.093,0.907,0,0,0,1512,140,1372,919
mcf,15,6,2,17,3,markov,32,2.651,0.997,0.003,82.993,0.093,0.907,0,0,0,1512,140,1372,919
mcf,15,6,2,17,3,markov,64,2.651,0.997,0.003,82.993,0.093,0.907,0,0,0,1512,140,1372,919
mcf,15,6,2,17,3,markov,128,2.651,0.997,0.003,82.993,0.093,0.907,0,0,0,1512,140,1372,919
mcf,15,6,2,17,3,markov,256,2.651,0.997,0.003,82.993,0.093,0.907,0,0,0,1512,140,1372,919
mcf,15,6,2,17,3,markov,512,2.651,0.997,0.003,82.993,0.093,0.907,0,0,0,1512,140,1372,919
mcf,15,6,2,17,4,markov,4,2.653,0.997,0.003,83.740,0.093,0.907,0,0,0,1512,141,1371,919
mcf,15,6,2,17,4,markov,16,2.653,0.997,0.003,83.740,0.093,0.907,0,0,0,1512,141,1371,919
mcf,15,6,2,17,4,markov,32,2.653,0.997,0.003,83.740,0.093,0.907,0,0,0,1512,141,1371,919
mcf,15,6,2,17,4,markov,64,2.653,0.997,0.003,83.740,0.093,0.907,0,0,0,1512,141,1371,919
mcf,15,6,2,17,4,markov,128,2.653,0.997,0.003,83.740,0.093,0.907,0,0,0,1512,141,1371,919
mcf,15,6,2,17,4,markov,256,2.653,0.997,0.003,83.740,0.093,0.907,0,0,0,1512,141,1371,919
mcf,15,6,2,17,4,markov,512,2.653,0.997,0.003,83.740,0.093,0.907,0,0,0,1512,141,1371,919
mcf,15,6,3,16,3,markov,4,2.850,0.997,0.003,86.577,0.048,0.952,0,0,0,1444,69,1375,845
mcf,15,6,3,16,3,markov,16,2.850,0.997,0.003,86.577,0.048,0.952,0,0,0,1444,69,1375,845
mcf,15,6,3,16,3,markov,32,2.850,0.997,0.003,86.577,0.048,0.952,0,0,0,1444,69,1375,845
mcf,15,6,3,16,3,markov,64,2.850,0.997,0.003,86.577,0.048,0.952,0,0,0,1444,69,1375,845
mcf,15,6,3,16,3,markov,128,2.850,0.997,0.003,86.577,0.048,0.952,0,0,0,1444,69,1375,845
mcf,15,6,3,16,3,markov,256,2.850,0.997,0.003,86.577,0.048,0.952,1,0,1,1444,69,1375,845
mcf,15,6,3,16,3,markov,512,2.850,0.997,0.003,86.577,0.048,0.952,1,0,1,1444,69,1375,845
mcf,15,6,3,16,4,markov,4,2.852,0.997,0.003,87.266,0.049,0.951,0,0,0,1444,71,1373,845
mcf,15,6,3,16,4,markov,16,2.852,0.997,0.003,87.266,0.049,0.951,0,0,0,1444,71,1373,845
mcf,15,6,3,16,4,markov,32,2.852,0.997,0.003,87.266,0.049,0.951,0,0,0,1444,71,1373,845
mcf,15,6,3,16,4,markov,64,2.852,0.997,0.003,87.266,0.049,0.951,0,0,0,1444,71,1373,845
mcf,15,6,3,16,4,markov,128,2.852,0.997,0.003,87.266,0.049,0.951,0,0,0,1444,71,1373,845
mcf,15,6,3,16,4,markov,256,2.852,0.997,0.003,87.266,0.049,0.951,1,0,1,1444,71,1373,845
mcf,15,6,3,16,4,markov,512,2.852,0.997,0.003,87.266,0.049,0.951,1,0,1,1444,71,1373,845
mcf,15,6,3,17,3,markov,4,2.849,0.997,0.003,86.356,0.051,0.949,0,0,0,1444,73,1371,845
mcf,15,6,3,17,3,markov,16,2.849,0.997,0.003,86.356,0.051,0.949,0,0,0,1444,73,1371,845
mcf,15,6,3,17,3,markov,32,2.849,0.997,0.003,86.356,0.051,0.949,0,0,0,1444,73,1371,845
mcf,15,6,3,17,3,markov,64,2.849,0.997,0.003,86.356,0.051,0.949,0,0,0,1444,73,1371,845
mcf,15,6,3,17,3,markov,128,2.849,0.997,0.003,86.356,0.051,0.949,0,0,0,1444,73,1371,845
mcf,15,6,3,17,3,markov,256,2.849,0.997,0.003,86.356,0.051,0.949,0,0,0,1444,73,1371,845
mcf,15,6,3,17,3,markov,512,2.849,0.997,0.003,86.356,0.051,0.949,0,0,0,1444,73,1371,845
mcf,15,6,3,17,4,markov,4,2.852,0.997,0.003,87.156,0.051,0.949,0,0,0,1444,73,1371,845
mcf,15,6,3,17,4,markov,16,2.852,0.997,0.003,87.156,0.051,0.949,0,0,0,1444,73,1371,845
mcf,15,6,3,17,4,markov,32,2.852,0.997,0.003,87.156,0.051,0.949,0,0,0,1444,73,1371,845
mcf,15,6,3,17,4,markov,64,2.852,0.997,0.003,87.156,0.051,0.949,0,0,0,1444,73,1371,845
mcf,15,6,3,17,4,markov,128,2.852,0.997,0.003,87.156,0.051,0.949,0,0,0,1444,73,1371,845
mcf,15,6,3,17,4,markov,256,2.852,0.997,0.003,87.156,0.051,0.949,0,0,0,1444,73,1371,845
mcf,15,6,3,17,4,markov,512,2.852,0.997,0.003,87.156,0.051,0.949,0,0,0,1444,73,1371,845
